,KIRC,BRCA,BLCA,BRCATang,COAD,LGG,OV,PAAD,PAADHussain1,PAADHussain2,PRAD,PRADLODA,STAD
0,"1,2-propanediol",,,"1,2-propanediol",,"1,2-propanediol","1,2-propanediol",,,"1,2-propanediol",,,
1,"1,3-dihydroxyacetone","1,3-dihydroxyacetone",,,,dihydroxyacetone,,,"1,3-dihydroxyacetone","1,3-dihydroxyacetone",,,
2,"1,5-anhydroglucitol (1,5-AG)","1,5-anhydroglucitol (1,5-AG)",,"1,5-anhydroglucitol (1,5-AG)",,"1,5-anhydroglucitol (1,5-AG)","1,5-anhydroglucitol (1,5-AG)",,"1,5-anhydroglucitol (1,5-AG)","1,5-anhydroglucitol (1,5-AG)","1,5-anhydroglucitol (1,5-AG)","1,5-anhydroglucitol",
3,10-heptadecenoate (17:1n7),10-heptadecenoate (17:1n7),,10-heptadecenoate (17:1n7),,10-heptadecenoate (17:1n7),10-heptadecenoate (17:1n7),,10-heptadecenoate (17:1n7),10-heptadecenoate (17:1n7),,10-heptadecenoate,
4,10-nonadecenoate (19:1n9),10-nonadecenoate (19:1n9),,10-nonadecenoate (19:1n9),,10-nonadecenoate (19:1n9),10-nonadecenoate (19:1n9),,10-nonadecenoate (19:1n9),10-nonadecenoate (19:1n9),,10-nonadecenoate,
5,13-HODE + 9-HODE,,,13-HODE + 9-HODE,,13-HODE + 9-HODE,13-HODE + 9-HODE,,13-HODE + 9-HODE,13-HODE + 9-HODE,,13-HODE_9-HODE,
6,15-methylpalmitate (isobar with 2-methylpalmitate),,,15-methylpalmitate (isobar with 2-methylpalmitate),,,,,,15-methylpalmitate (isobar with 2-methylpalmitate),,,
7,16-hydroxypalmitate,,,,,,,,,,,,
8,1-arachidonoylglycerophosphocholine*,,,1-arachidonoylglycerophosphocholine*,,1-arachidonoyl-GPC* (20:4)*,,,1-arachidonoylglycerophosphocholine*,,,,
9,1-arachidonoylglycerophosphoethanolamine*,1-arachidonoylglycerophosphoethanolamine*,,1-arachidonoylglycerophosphoethanolamine*,,1-arachidonoyl-GPE* (20:4)*,1-arachidonoylglycerophosphoethanolamine*,,1-arachidonoylglycerophosphoethanolamine*,1-arachidonoylglycerophosphoethanolamine*,,1-arachidonoylglycerophosphoethanolamine,
10,1-arachidonoylglycerophosphoinositol*,1-arachidonoylglycerophosphoinositol*,,1-arachidonoylglycerophosphoinositol*,,,1-arachidonoylglycerophosphoinositol*,,,1-arachidonoylglycerophosphoinositol*,,1-arachidonoylglycerophosphoinositol,
11,1-arachidonylglycerol,,,,,,,,,,,1-arachidonylglycerol,
12,1-docosahexaenoylglycerophosphocholine*,,,,,,,,,,,,
13,1-heptadecanoylglycerophosphocholine,,,1-heptadecanoylglycerophosphocholine,,,,,1-heptadecanoylglycerophosphocholine,1-heptadecanoylglycerophosphocholine,,,
14,1-heptadecanoylglycerophosphoethanolamine*,,,,,,,,,1-heptadecanoylglycerophosphoethanolamine*,,1-heptadecanoylglycerophosphoethanolamine,
15,1-linoleoylglycerol (1-monolinolein),,,1-linoleoylglycerol (1-monolinolein),,,,,,,,1-linoleoylglycerol,
16,1-linoleoylglycerophosphocholine,1-linoleoylglycerophosphocholine,,1-linoleoylglycerophosphocholine,,,1-linoleoylglycerophosphocholine,,1-linoleoylglycerophosphocholine,1-linoleoylglycerophosphocholine,,1-linoleoylglycerophosphocholine,
17,1-linoleoylglycerophosphoethanolamine*,,,1-linoleoylglycerophosphoethanolamine*,,,,,,,,1-linoleoylglycerophosphoethanolamine,
18,1-methylimidazoleacetate,1-methylimidazoleacetate,,,,,1-methylimidazoleacetate,,1-methylimidazoleacetate,,,,
19,1-myristoylglycerophosphocholine,1-myristoylglycerophosphocholine,,1-myristoylglycerophosphocholine,,1-myristoyl-GPC (14:0),1-myristoylglycerophosphocholine,,1-myristoylglycerophosphocholine,1-myristoylglycerophosphocholine,,1-myristoylglycerophosphocholine,
20,1-myristoylglycerophosphoethanolamine,,,,,,,,,,,,
21,1-oleoylglycerol (1-monoolein),1-oleoylglycerol (1-monoolein),,1-oleoylglycerol (1-monoolein),,1-oleoylglycerol (18:1),1-oleoylglycerol (1-monoolein),,1-oleoylglycerol (1-monoolein),,,,
22,1-oleoylglycerophosphocholine,1-oleoylglycerophosphocholine,,1-oleoylglycerophosphocholine,,1-oleoyl-GPC (18:1),1-oleoylglycerophosphocholine,,1-oleoylglycerophosphocholine,1-oleoylglycerophosphocholine,,1-oleoylglycerophosphocholine,
23,1-oleoylglycerophosphoethanolamine,1-oleoylglycerophosphoethanolamine,,1-oleoylglycerophosphoethanolamine,,1-oleoyl-GPE (18:1),1-oleoylglycerophosphoethanolamine,,1-oleoylglycerophosphoethanolamine,1-oleoylglycerophosphoethanolamine,,1-oleoylglycerophosphoethanolamine,
24,1-oleoylglycerophosphoinositol*,,,,,,,,1-oleoylglycerophosphoinositol*,1-oleoylglycerophosphoinositol*,,1-oleoylglycerophosphoinositol,
25,1-oleoylglycerophosphoserine,,,,,,,,,,,1-oleoylglycerophosphoserine,
26,1-palmitoleoylglycerophosphocholine*,,,1-palmitoleoylglycerophosphocholine*,,,1-palmitoleoylglycerophosphocholine*,,1-palmitoleoylglycerophosphocholine*,1-palmitoleoylglycerophosphocholine*,,,
27,1-palmitoleoylglycerophosphoethanolamine*,,,,,,,,,,,,
28,1-palmitoylglycerol (1-monopalmitin),1-palmitoylglycerol (1-monopalmitin),,1-palmitoylglycerol (1-monopalmitin),,1-palmitoylglycerol (16:0),1-palmitoylglycerol (1-monopalmitin),,,1-palmitoylglycerol (1-monopalmitin),,1-palmitoylglycerol,
29,1-palmitoylglycerophosphocholine,1-palmitoylglycerophosphocholine,,1-palmitoylglycerophosphocholine,,1-palmitoyl-GPC (16:0),1-palmitoylglycerophosphocholine,,1-palmitoylglycerophosphocholine,1-palmitoylglycerophosphocholine,,1-palmitoylglycerophosphocholine,
30,1-palmitoylglycerophosphoethanolamine,,,1-palmitoylglycerophosphoethanolamine,,1-palmitoyl-GPE (16:0),1-palmitoylglycerophosphoethanolamine,,1-palmitoylglycerophosphoethanolamine,1-palmitoylglycerophosphoethanolamine,,1-palmitoylglycerophosphoethanolamine,
31,1-palmitoylglycerophosphoinositol*,,,1-palmitoylglycerophosphoinositol*,,,1-palmitoylglycerophosphoinositol*,,1-palmitoylglycerophosphoinositol*,1-palmitoylglycerophosphoinositol*,,1-palmitoylglycerophosphoinositol,
32,1-palmitoylplasmenylethanolamine*,,,1-palmitoylplasmenylethanolamine*,,1-palmitoylplasmenylethanolamine*,,,1-palmitoylplasmenylethanolamine*,1-palmitoylplasmenylethanolamine*,,,
33,1-pentadecanoylglycerophosphocholine*,,,,,,,,1-pentadecanoylglycerophosphocholine*,1-pentadecanoylglycerophosphocholine*,,,
34,1-stearoylglycerol (1-monostearin),1-stearoylglycerol (1-monostearin),,1-stearoylglycerol (1-monostearin),,1-stearoylglycerol (18:0),1-stearoylglycerol (1-monostearin),,1-stearoylglycerol (1-monostearin),1-stearoylglycerol (1-monostearin),,1-stearoylglycerol,
35,1-stearoylglycerophosphocholine,1-stearoylglycerophosphocholine,,1-stearoylglycerophosphocholine,,1-stearoyl-GPC (18:0),1-stearoylglycerophosphocholine,,1-stearoylglycerophosphocholine,1-stearoylglycerophosphocholine,,1-stearoylglycerophosphocholine,
36,1-stearoylglycerophosphoethanolamine,1-stearoylglycerophosphoethanolamine,,1-stearoylglycerophosphoethanolamine,,1-stearoyl-GPE (18:0),1-stearoylglycerophosphoethanolamine,,1-stearoylglycerophosphoethanolamine,1-stearoylglycerophosphoethanolamine,,1-stearoylglycerophosphoethanolamine,
37,1-stearoylglycerophosphoinositol,1-stearoylglycerophosphoinositol,,1-stearoylglycerophosphoinositol,,,1-stearoylglycerophosphoinositol,,1-stearoylglycerophosphoinositol,1-stearoylglycerophosphoinositol,,1-stearoylglycerophosphoinositol,
38,2-aminoadipate,2-aminoadipate,,2-aminoadipate,,2-aminoadipate,2-aminoadipate,Aminoadipic acid,2-aminoadipate,2-aminoadipate,2-Aminoadipate,2-aminoadipate,
39,2-aminobutyrate,2-aminobutyrate,,2-aminobutyrate,2-aminobutylate,2-aminobutyrate,2-aminobutyrate,,2-aminobutyrate,2-aminobutyrate,,2-aminobutyrate,2-aminobutylate
40,2-arachidonoylglycerophosphocholine*,2-arachidonoylglycerophosphocholine*,,2-arachidonoylglycerophosphocholine*,,,2-arachidonoylglycerophosphocholine*,,2-arachidonoylglycerophosphocholine*,2-arachidonoylglycerophosphocholine*,,2-arachidonoylglycerophosphocholine,
41,2-arachidonoylglycerophosphoethanolamine*,2-arachidonoylglycerophosphoethanolamine*,,2-arachidonoylglycerophosphoethanolamine*,,,2-arachidonoylglycerophosphoethanolamine*,,2-arachidonoylglycerophosphoethanolamine*,2-arachidonoylglycerophosphoethanolamine*,,2-arachidonoylglycerophosphoethanolamine,
42,2'-deoxyadenosine 3'-monophosphate,,,,,,,,,,,,
43,2'-deoxycytidine 3'-monophosphate,,,,,,,,,,,,
44,2'-deoxyguanosine,2'-deoxyguanosine,,2'-deoxyguanosine,,2'-deoxyguanosine,2'-deoxyguanosine,,2'-deoxyguanosine,2'-deoxyguanosine,,,
45,2'-deoxyinosine,2'-deoxyinosine,,2'-deoxyinosine,,2'-deoxyinosine,2'-deoxyinosine,,2'-deoxyinosine,2'-deoxyinosine,,2'-deoxyinosine,
46,2-docosahexaenoylglycerophosphocholine*,,,,,,,,,,,,
47,2-docosahexaenoylglycerophosphoethanolamine*,2-docosahexaenoylglycerophosphoethanolamine*,,2-docosahexaenoylglycerophosphoethanolamine*,,2-docosahexaenoylglycerophosphoethanolamine*,2-docosahexaenoylglycerophosphoethanolamine*,,,,,2-docosahexaenoylglycerophosphoethanolamine,
48,2-docosapentaenoylglycerophosphocholine*,,,,,,,,,,,,
49,2-docosapentaenoylglycerophosphoethanolamine*,2-docosapentaenoylglycerophosphoethanolamine*,,,,2-docosapentaenoylglycerophosphoethanolamine*,2-docosapentaenoylglycerophosphoethanolamine*,,,2-docosapentaenoylglycerophosphoethanolamine*,,2-docosapentaenoylglycerophosphoethanolamine,
50,2-eicosatrienoylglycerophosphocholine*,,,,,,,,,,,,
51,2-ethylhexanoate,,,2-ethylhexanoate,,,,,,,,2-ethylhexanoate,
52,2-hydroxyacetaminophen sulfate*,2-hydroxyacetaminophen sulfate*,,2-hydroxyacetaminophen sulfate*,,2-hydroxyacetaminophen sulfate*,2-hydroxyacetaminophen sulfate*,,2-hydroxyacetaminophen sulfate*,,,2-hydroxyacetaminophen_sulfate,
53,2-hydroxybutyrate (AHB),2-hydroxybutyrate (AHB),2-Hydroxybutyric acid sodium salt,2-hydroxybutyrate (AHB),,2-hydroxybutyrate (AHB),2-hydroxybutyrate (AHB),,2-hydroxybutyrate (AHB),2-hydroxybutyrate (AHB),2-Hydroxybutyrate (AHB),2-hydroxybutyrate,
54,2-hydroxyglutarate,2-hydroxyglutarate,,2-hydroxyglutarate,,2-hydroxyglutarate,2-hydroxyglutarate,,,,,2-hydroxyglutarate,
55,2-hydroxyhippurate (salicylurate),2-hydroxyhippurate (salicylurate),,2-hydroxyhippurate (salicylurate),,,,,,,,2-hydroxyhippurate,
56,2-hydroxyisobutyrate,,,,,,,,,,,,
57,2-hydroxypalmitate,2-hydroxypalmitate,,2-hydroxypalmitate,,2-hydroxypalmitate,2-hydroxypalmitate,,2-hydroxypalmitate,2-hydroxypalmitate,,2-hydroxypalmitate,
58,2-isopropylmalate,,,,,,,,,,,,
59,2-linoleoylglycerol (2-monolinolein),,,,,,2-linoleoylglycerol (2-monolinolein),,2-linoleoylglycerol (2-monolinolein),2-linoleoylglycerol (2-monolinolein),,,
60,2-linoleoylglycerophosphocholine*,2-linoleoylglycerophosphocholine*,,2-linoleoylglycerophosphocholine*,,,2-linoleoylglycerophosphocholine*,,2-linoleoylglycerophosphocholine*,2-linoleoylglycerophosphocholine*,,2-linoleoylglycerophosphocholine,
61,2-linoleoylglycerophosphoethanolamine*,2-linoleoylglycerophosphoethanolamine*,,2-linoleoylglycerophosphoethanolamine*,,,2-linoleoylglycerophosphoethanolamine*,,,2-linoleoylglycerophosphoethanolamine*,,,
62,2-methoxyacetaminophen sulfate*,2-methoxyacetaminophen sulfate*,,2-methoxyacetaminophen sulfate*,,,2-methoxyacetaminophen sulfate*,,2-methoxyacetaminophen sulfate*,,,2-methoxyacetaminophen_sulfate,
63,2-methylbutyroylcarnitine,2-methylbutyroylcarnitine,,2-methylbutyroylcarnitine,,2-methylbutyroylcarnitine (C5),2-methylbutyroylcarnitine,,2-methylbutyroylcarnitine,2-methylbutyroylcarnitine,,2-methylbutyroylcarnitine,
64,2-myristoylglycerophosphocholine*,2-myristoylglycerophosphocholine*,,2-myristoylglycerophosphocholine*,,,,,,,,,
65,2-oleoylglycerol (2-monoolein),2-oleoylglycerol (2-monoolein),,,,,2-oleoylglycerol (2-monoolein),,2-oleoylglycerol (2-monoolein),2-oleoylglycerol (2-monoolein),,,
66,2-oleoylglycerophosphocholine*,2-oleoylglycerophosphocholine*,,2-oleoylglycerophosphocholine*,,,2-oleoylglycerophosphocholine*,,2-oleoylglycerophosphocholine*,2-oleoylglycerophosphocholine*,,2-oleoylglycerophosphocholine,
67,2-oleoylglycerophosphoethanolamine*,2-oleoylglycerophosphoethanolamine*,,2-oleoylglycerophosphoethanolamine*,,,2-oleoylglycerophosphoethanolamine*,,2-oleoylglycerophosphoethanolamine*,2-oleoylglycerophosphoethanolamine*,,2-oleoylglycerophosphoethanolamine,
68,2-oleoylglycerophosphoserine*,,,,,,,,,,,,
69,2-palmitoleoylglycerophosphocholine*,2-palmitoleoylglycerophosphocholine*,,2-palmitoleoylglycerophosphocholine*,,,,,,,,,
70,2-palmitoylglycerol (2-monopalmitin),2-palmitoylglycerol (2-monopalmitin),,2-palmitoylglycerol (2-monopalmitin),,2-palmitoylglycerol (16:0),2-palmitoylglycerol (2-monopalmitin),,2-palmitoylglycerol (2-monopalmitin),2-palmitoylglycerol (2-monopalmitin),,2-palmitoylglycerol,
71,2-palmitoylglycerophosphocholine*,2-palmitoylglycerophosphocholine*,,2-palmitoylglycerophosphocholine*,,,2-palmitoylglycerophosphocholine*,,2-palmitoylglycerophosphocholine*,2-palmitoylglycerophosphocholine*,,2-palmitoylglycerophosphocholine,
72,2-palmitoylglycerophosphoethanolamine*,,,2-palmitoylglycerophosphoethanolamine*,,,2-palmitoylglycerophosphoethanolamine*,,2-palmitoylglycerophosphoethanolamine*,2-palmitoylglycerophosphoethanolamine*,,2-palmitoylglycerophosphoethanolamine,
73,2-phosphoglycerate,,,,,,2-phosphoglycerate,,2-phosphoglycerate,,,,
74,2-stearoylglycerophosphocholine*,,,2-stearoylglycerophosphocholine*,,2-stearoyl-GPC* (18:0)*,,,2-stearoylglycerophosphocholine*,2-stearoylglycerophosphocholine*,,,
75,2-stearoylglycerophosphoethanolamine*,,,,,,,,,,,,
76,3-(4-hydroxyphenyl)lactate,3-(4-hydroxyphenyl)lactate,,3-(4-hydroxyphenyl)lactate,,3-(4-hydroxyphenyl)lactate (HPLA),3-(4-hydroxyphenyl)lactate,,3-(4-hydroxyphenyl)lactate,3-(4-hydroxyphenyl)lactate,,3-(4-hydroxyphenyl)lactate,
77,3-(cystein-S-yl)acetaminophen*,,,3-(cystein-S-yl)acetaminophen*,,,3-(cystein-S-yl)acetaminophen*,,3-(cystein-S-yl)acetaminophen*,,,3-(cystein-S-yl)acetaminophen,
78,3-(N-acetyl-L-cystein-S-yl) acetaminophen*,,,,,,,,,,,,
79,"3,4-dihydroxyphenethyleneglycol",,,,,,,,,,,,
80,3-aminoisobutyrate,3-aminoisobutyrate,,3-aminoisobutyrate,,3-aminoisobutyrate,3-aminoisobutyrate,,,3-aminoisobutyrate,,3-aminoisobutyrate,
81,3-carboxy-4-methyl-5-propyl-2-furanpropanoate (CMPF),3-carboxy-4-methyl-5-propyl-2-furanpropanoate (CMPF),,3-carboxy-4-methyl-5-propyl-2-furanpropanoate (CMPF),,3-carboxy-4-methyl-5-propyl-2-furanpropanoate (CMPF),3-carboxy-4-methyl-5-propyl-2-furanpropanoate (CMPF),,3-carboxy-4-methyl-5-propyl-2-furanpropanoate (CMPF),3-carboxy-4-methyl-5-propyl-2-furanpropanoate (CMPF),,3-carboxy-4-methyl-5-propyl-2-furanpropanoate,
82,3-dehydrocarnitine*,3-dehydrocarnitine*,,3-dehydrocarnitine*,,3-dehydrocarnitine*,3-dehydrocarnitine*,,3-dehydrocarnitine*,3-dehydrocarnitine*,,3-dehydrocarnitine,
83,3'-dephosphocoenzyme A,,,3'-dephosphocoenzyme A,,,,,,3'-dephosphocoenzyme A,,3'-dephosphocoenzyme_A,
84,3-hydroxybutyrate (BHBA),3-hydroxybutyrate (BHBA),,3-hydroxybutyrate (BHBA),,3-hydroxybutyrate (BHBA),3-hydroxybutyrate (BHBA),,3-hydroxybutyrate (BHBA),3-hydroxybutyrate (BHBA),,3-hydroxybutyrate,
85,3-hydroxydecanoate,3-hydroxydecanoate,,,,,,,,,,,
86,3-hydroxyhippurate,,,3-hydroxyhippurate,,,,,,,,,
87,3-hydroxyoctanoate,,,,,,,,,,,,
88,3-indoxyl sulfate,,,3-indoxyl sulfate,,,3-indoxyl sulfate,,,3-indoxyl sulfate,,3-indoxyl_sulfate,
89,3-methyl-2-oxovalerate,3-methyl-2-oxovalerate,,3-methyl-2-oxovalerate,,,3-methyl-2-oxovalerate,,3-methyl-2-oxovalerate,3-methyl-2-oxovalerate,,,
90,3-methylhistidine,3-methylhistidine,,3-methylhistidine,,,,,,3-methylhistidine,3-Methylhistidine (1-Methylhistidine),3-methylhistidine,
91,3-phosphoglycerate,3-phosphoglycerate,,,3-phosphoglycerate(3PG),3-phosphoglycerate,3-phosphoglycerate,3-phosphoglycerate,3-phosphoglycerate,3-phosphoglycerate,3-Phosphoglycerate,3-phosphoglycerate,3-phosphoglycerate(3PG)
92,3-ureidopropionate,,,,,,,,3-ureidopropionate,,,,
93,4-acetamidophenol,,,4-acetamidophenol,,,4-acetamidophenol,,4-acetamidophenol,,,4-acetamidophenol,
94,4-acetaminophen sulfate,4-acetaminophen sulfate,,4-acetaminophen sulfate,,4-acetaminophen sulfate,4-acetaminophen sulfate,,4-acetaminophen sulfate,,,4-acetaminophen_sulfate,
95,"4-androsten-3beta,17beta-diol disulfate 1*","4-androsten-3beta,17beta-diol disulfate 1*",,"4-androsten-3beta,17beta-diol disulfate 1*",,"4-androsten-3beta,17beta-diol disulfate 1*","4-androsten-3beta,17beta-diol disulfate 1*",,"4-androsten-3beta,17beta-diol disulfate 1*","4-androsten-3beta,17beta-diol disulfate 1*",,"4-androsten-3beta,17beta-diol_disulfate_1",
96,4-guanidinobutanoate,,,,,4-guanidinobutanoate,4-guanidinobutanoate,,4-guanidinobutanoate,,4-Guanidinobutanoate,,
97,4-hydroxybutyrate (GHB),4-hydroxybutyrate (GHB),,4-hydroxybutyrate (GHB),,,4-hydroxybutyrate (GHB),,4-hydroxybutyrate (GHB),4-hydroxybutyrate (GHB),,4-hydroxybutyrate,
98,4-hydroxyglutamate,,,,,,,,,,,,
99,4-hydroxyhippurate,,,,,,,,4-hydroxyhippurate,,,,
100,4-hydroxyphenylacetate,,,,,,4-hydroxyphenylacetate,,4-hydroxyphenylacetate,,,,
101,4-methyl-2-oxopentanoate,4-methyl-2-oxopentanoate,,4-methyl-2-oxopentanoate,,4-methyl-2-oxopentanoate,4-methyl-2-oxopentanoate,,4-methyl-2-oxopentanoate,4-methyl-2-oxopentanoate,4-Methyl-2-oxopentanoate,,
102,"5,6-dihydrouracil","5,6-dihydrouracil",,"5,6-dihydrouracil",,"5,6-dihydrouracil","5,6-dihydrouracil",,"5,6-dihydrouracil","5,6-dihydrouracil","5,6-Dihydrouracil","5,6-dihydrouracil",
103,5-aminovalerate,5-aminovalerate,,,,,5-aminovalerate,,5-aminovalerate,,,,
104,5-HETE,,,,,,,,,,,,
105,5-methyltetrahydrofolate (5MeTHF),,,5-methyltetrahydrofolate (5MeTHF),,,,,,,,,
106,5-methylthioadenosine (MTA),5-methylthioadenosine (MTA),,5-methylthioadenosine (MTA),,5-methylthioadenosine (MTA),,,,5-methylthioadenosine (MTA),5-Methylthioadenosine (MTA),5-methylthioadenosine,
107,5-methyluridine (ribothymidine),,,5-methyluridine (ribothymidine),,,5-methyluridine (ribothymidine),,,,,,
108,5-oxoETE,,,,,,,,,,,,
109,5-oxoproline,5-oxoproline,,5-oxoproline,,5-oxoproline,5-oxoproline,,5-oxoproline,5-oxoproline,,5-oxoproline,
110,6-keto prostaglandin F1alpha,,,,,,,,6-keto prostaglandin F1alpha,6-keto prostaglandin F1alpha,,,
111,6-phosphogluconate,6-phosphogluconate,,6-phosphogluconate,6-phosphogluconate(6PG),6-phosphogluconate,6-phosphogluconate,6-phospho-D-gluconate,6-phosphogluconate,6-phosphogluconate,6-Phosphogluconate,6-phosphogluconate,6-phosphogluconate(6PG)
112,6'-sialyllactose,,,6'-sialyllactose,,,,,,,,,
113,7-alpha-hydroxy-3-oxo-4-cholestenoate (7-Hoca),7-alpha-hydroxy-3-oxo-4-cholestenoate (7-Hoca),,7-alpha-hydroxy-3-oxo-4-cholestenoate (7-Hoca),,7-HOCA,7-alpha-hydroxy-3-oxo-4-cholestenoate (7-Hoca),,,7-alpha-hydroxy-3-oxo-4-cholestenoate (7-Hoca),,7-alpha-hydroxy-3-oxo-4-cholestenoate,
114,7-alpha-hydroxycholesterol,,,,,7-alpha-hydroxycholesterol,7-alpha-hydroxycholesterol,,,,,,
115,7-beta-hydroxycholesterol,7-beta-hydroxycholesterol,,,,7-beta-hydroxycholesterol,7-beta-hydroxycholesterol,,,,,,
116,acetylcarnitine,acetylcarnitine,,acetylcarnitine,,acetylcarnitine (C2),acetylcarnitine,Acetylcarnitine DL,acetylcarnitine,acetylcarnitine,,acetylcarnitine,
117,Ac-Ser-Asp-Lys-Pro-OH,,,Ac-Ser-Asp-Lys-Pro-OH,,,,,,Ac-Ser-Asp-Lys-Pro-OH,,,
118,adenine,adenine,,adenine,adenine,adenine,adenine,,,adenine,Adenine,adenine,adenine
119,adenosine,adenosine,Adenosine,adenosine,adenosine,adenosine,adenosine,adenosine,adenosine,adenosine,Adenosine,adenosine,adenosine
120,adenosine 2'-monophosphate (2'-AMP),adenosine 2'-monophosphate (2'-AMP),,adenosine 2'-monophosphate (2'-AMP),,2'-AMP,adenosine 2'-monophosphate (2'-AMP),,adenosine 2'-monophosphate (2'-AMP),adenosine 2'-monophosphate (2'-AMP),,,
121,adenosine 3'-monophosphate (3'-AMP),adenosine 3'-monophosphate (3'-AMP),,adenosine 3'-monophosphate (3'-AMP),,3'-AMP,adenosine 3'-monophosphate (3'-AMP),,adenosine 3'-monophosphate (3'-AMP),adenosine 3'-monophosphate (3'-AMP),,,
122,adenosine 5'-monophosphate (AMP),adenosine 5'-monophosphate (AMP),,adenosine 5'-monophosphate (AMP),AMP,AMP,adenosine 5'-monophosphate (AMP),,adenosine 5'-monophosphate (AMP),adenosine 5'-monophosphate (AMP),,adenosine_5'-monophosphate,AMP
123,adenylosuccinate,,,adenylosuccinate,,,,,adenylosuccinate,adenylosuccinate,,,
124,adipate,,,,,,,,,,,,
125,adrenate (22:4n6),adrenate (22:4n6),,adrenate (22:4n6),,adrenate (22:4n6),adrenate (22:4n6),,adrenate (22:4n6),adrenate (22:4n6),,adrenate,
126,agmatine,,,agmatine,,,,,,,,agmatine,
127,alanine,alanine,Alanine,alanine,alanine,alanine,alanine,alanine,alanine,alanine,Alanine,alanine,alanine
128,alanylalanine,,,,,,alanylalanine,,,,Alanylalanine,,
129,alanylglutamate,,,,,,,,,,,,
130,alanylglycine,,,,,,,,alanylglycine,,,,
131,alanylisoleucine,,,,,,,,alanylisoleucine,,,,
132,alanylleucine,alanylleucine,,alanylleucine,,,alanylleucine,,alanylleucine,alanylleucine,,alanylleucine,
133,alanylmethionine,,,,,,,,,,,,
134,alanylphenylalanine,,,alanylphenylalanine,,,,,alanylphenylalanine,alanylphenylalanine,,,
135,alanylthreonine,,,,,,,,,,,,
136,alanyltryptophan,,,,,,,,,,,,
137,alanyltyrosine,,,,,,,,alanyltyrosine,alanyltyrosine,,alanyltyrosine,
138,alanylvaline,,,,,,,,alanylvaline,alanylvaline,,,
139,allo-threonine,allo-threonine,,,,allo-threonine,,,allo-threonine,,,,
140,alpha-glutamylglutamate,,,,,,,,alpha-glutamylglutamate,,,,
141,alpha-glutamyltryptophan,,,,,,,,,,,,
142,alpha-glutamyltyrosine,,,,,,,,,alpha-glutamyltyrosine,,,
143,alpha-hydroxyisovalerate,,,alpha-hydroxyisovalerate,,alpha-hydroxyisovalerate,alpha-hydroxyisovalerate,,alpha-hydroxyisovalerate,alpha-hydroxyisovalerate,,alpha-hydroxyisovalerate,
144,alpha-tocopherol,alpha-tocopherol,,alpha-tocopherol,,alpha-tocopherol,alpha-tocopherol,,alpha-tocopherol,,a-Tocopherol,alpha-tocopherol,
145,androsterone sulfate,androsterone sulfate,,androsterone sulfate,,,androsterone sulfate,,,,,,
146,anserine,,,anserine,,anserine,,,,,,anserine,
147,arabitol,,,arabitol,,arabitol,arabitol,,,arabitol,,arabitol,
148,arabonate,,,,,arabonate,arabonate,,,,,,
149,arachidate (20:0),,,,,,arachidate (20:0),,,,,,
150,arachidonate (20:4n6),arachidonate (20:4n6),,arachidonate (20:4n6),,arachidonate (20:4n6),arachidonate (20:4n6),,arachidonate (20:4n6),arachidonate (20:4n6),Arachidonate (20:4n6),arachidonate,
151,arginine,arginine,Arginine,arginine,arginine,arginine,arginine,arginine,arginine,arginine,,arginine,arginine
152,argininosuccinate,,,,,,argininosuccinate,,argininosuccinate,,Argininosuccinate,,
153,arginylleucine,,,,,,,,,,,,
154,arginylmethionine,,,,,,,,,,,,
155,arginylphenylalanine,,,,,,,,,,,,
156,arginyltyrosine,,,,,,,,,,,,
157,arginylvaline,,,,,,,,,,,,
158,ascorbate (Vitamin C),ascorbate (Vitamin C),,ascorbate (Vitamin C),,ascorbate (Vitamin C),ascorbate (Vitamin C),Ascorbic acid,ascorbate (Vitamin C),ascorbate (Vitamin C),Ascorbate (Vitamin C),ascorbate,
159,asparagine,asparagine,Asparagine,asparagine,asparagine,asparagine,asparagine,asparagine,asparagine,asparagine,Asparagine,asparagine,asparagine
160,aspartate,aspartate,Aspartic Acid,aspartate,aspartate,aspartate,aspartate,aspartate,aspartate,aspartate,Aspartate,aspartate,aspartate
161,aspartate-glutamate,,,,,,aspartate-glutamate,,aspartate-glutamate,,,,
162,aspartylleucine,,,aspartylleucine,,aspartylleucine,,,,aspartylleucine,,,
163,aspartylphenylalanine,aspartylphenylalanine,,aspartylphenylalanine,,,aspartylphenylalanine,,aspartylphenylalanine,aspartylphenylalanine,,aspartylphenylalanine,
164,aspartyltryptophan,,,,,,,,,,,,
165,aspartylvaline,,,,,,,,,,,,
166,atenolol,,,,,,,,atenolol,,,,
167,azelate (nonanedioate),,,azelate (nonanedioate),,,azelate (nonanedioate),,azelate (nonanedioate),azelate (nonanedioate),Azelate (Nonanedioate),azelate,
168,benzoate,,Benzoic acid,benzoate,,benzoate,,,,,,,
169,beta-alanine,beta-alanine,,beta-alanine,_-alanine,beta-alanine,beta-alanine,,,beta-alanine,b-Alanine,beta-alanine,_-alanine
170,beta-hydroxypyruvate,,,,,,,,,,,,
171,betaine,betaine,Betaine,betaine,,,betaine,glycine betaine,,betaine,,betaine,
172,beta-tocopherol,beta-tocopherol,,,,,,,,,,,
173,"bilirubin (E,E)*","bilirubin (E,E)*",,,,,"bilirubin (E,E)*",,,"bilirubin (E,E)*",,,
174,"bilirubin (Z,Z)",,,,,,"bilirubin (Z,Z)",,,,,,
175,butyrylcarnitine,butyrylcarnitine,,butyrylcarnitine,,butyrylcarnitine (C4),butyrylcarnitine,,butyrylcarnitine,butyrylcarnitine,,butyrylcarnitine,
176,caprate (10:0),,,caprate (10:0),,caprate (10:0),caprate (10:0),,caprate (10:0),caprate (10:0),,,
177,caproate (6:0),caproate (6:0),,caproate (6:0),,caproate (6:0),caproate (6:0),,caproate (6:0),caproate (6:0),,,
178,caprylate (8:0),,,caprylate (8:0),,caprylate (8:0),caprylate (8:0),,caprylate (8:0),caprylate (8:0),,,
179,carnitine,carnitine,Carnitine,carnitine,,carnitine,carnitine,carnitine,carnitine,carnitine,Carnitine,carnitine,
180,catechol sulfate,catechol sulfate,,catechol sulfate,,,catechol sulfate,,,catechol sulfate,Catechol,catechol_sulfate,
181,celecoxib,,,,,,,,,,,,
182,C-glycosyltryptophan*,C-glycosyltryptophan*,,C-glycosyltryptophan*,,C-glycosyltryptophan*,C-glycosyltryptophan*,,C-glycosyltryptophan*,C-glycosyltryptophan*,,C-glycosyltryptophan,
183,chiro-inositol,,,chiro-inositol,,chiro-inositol,chiro-inositol,,,,,,
184,cholate,,,cholate,,,cholate,,cholate,,,,
185,cholesterol,cholesterol,,cholesterol,,cholesterol,cholesterol,,cholesterol,cholesterol,Cholesterol,cholesterol,
186,choline,choline,,choline,,,choline,choline,,choline,,choline,
187,choline phosphate,choline phosphate,,choline phosphate,,phosphocholine,choline phosphate,,choline phosphate,choline phosphate,,choline_phosphate,
188,cinnamoylglycine,,,,,,,,,,,,
189,cis-aconitate,,,,cis-aconitate,,,aconitate,,,Aconitate,cis-aconitate,cis-aconitate
190,cis-vaccenate (18:1n7),cis-vaccenate (18:1n7),,cis-vaccenate (18:1n7),,vaccenate (18:1n7),cis-vaccenate (18:1n7),,,cis-vaccenate (18:1n7),,cis-vaccenate,
191,citalopram,,,,,citalopram,,,,,,,
192,citramalate,,,,,,,,,,,,
193,citrate,citrate,,citrate,citrate,citrate,citrate,citrate,citrate,citrate,Citrate,citrate,citrate
194,citrulline,citrulline,Citrulline,citrulline,citrulline,citrulline,citrulline,citrulline,citrulline,citrulline,Citrulline,citrulline,citrulline
195,codeine,,,,,,,,,,,,
196,cortisol,cortisol,Cortisol,,,,cortisol,,cortisol,cortisol,,,
197,cortisone,,,,,,cortisone,,,,,,
198,creatine,creatine,Creatine,creatine,creatine,creatine,creatine,Creatine,creatine,creatine,,creatine,creatine
199,creatinine,creatinine,,creatinine,,creatinine,creatinine,,creatinine,creatinine,Creatinine,creatinine,
200,cysteine,cysteine,,cysteine,cysteine,cysteine,cysteine,cysteine,cysteine,cysteine,Cysteine,cysteine,cysteine
201,cysteine-glutathione disulfide,cysteine-glutathione disulfide,,cysteine-glutathione disulfide,,cysteine-glutathione disulfide,cysteine-glutathione disulfide,,cysteine-glutathione disulfide,cysteine-glutathione disulfide,,cysteine-glutathione_disulfide,
202,cysteinylglycine,,,cysteinylglycine,,,cysteinylglycine,,,,,cysteinylglycine,
203,cystine,cystine,,cystine,,cystine,cystine,,cystine,cystine,,cystine,
204,cytidine,cytidine,,cytidine,cytidine,cytidine,cytidine,cytidine,cytidine,cytidine,Cytidine,cytidine,cytidine
205,cytidine 5'-diphosphocholine,cytidine 5'-diphosphocholine,,cytidine 5'-diphosphocholine,,,cytidine 5'-diphosphocholine,,cytidine 5'-diphosphocholine,cytidine 5'-diphosphocholine,,cytidine_5'-diphosphocholine,
206,cytidine 5'-monophosphate (5'-CMP),cytidine 5'-monophosphate (5'-CMP),Cytidine monophosphate (CMP),cytidine 5'-monophosphate (5'-CMP),CMP,,cytidine 5'-monophosphate (5'-CMP),CMP,cytidine 5'-monophosphate (5'-CMP),cytidine 5'-monophosphate (5'-CMP),Cytidine monophosphate (CMP),cytidine_5'-monophosphate,CMP
207,cytidine-3'-monophosphate (3'-CMP),,,cytidine-3'-monophosphate (3'-CMP),,,cytidine-3'-monophosphate (3'-CMP),,cytidine-3'-monophosphate (3'-CMP),cytidine-3'-monophosphate (3'-CMP),,,
208,"cytosine-2',3'-cyclic monophosphate",,,,,,,,,,,,
209,deoxycarnitine,deoxycarnitine,,deoxycarnitine,,deoxycarnitine,deoxycarnitine,,deoxycarnitine,deoxycarnitine,,deoxycarnitine,
210,dihomo-linoleate (20:2n6),dihomo-linoleate (20:2n6),,dihomo-linoleate (20:2n6),,dihomolinoleate (20:2n6),dihomo-linoleate (20:2n6),,dihomo-linoleate (20:2n6),dihomo-linoleate (20:2n6),,dihomo-linoleate,
211,dihomo-linolenate (20:3n3 or n6),dihomo-linolenate (20:3n3 or n6),,dihomo-linolenate (20:3n3 or n6),,dihomolinolenate (20:3n3 or 3n6),dihomo-linolenate (20:3n3 or n6),,dihomo-linolenate (20:3n3 or n6),dihomo-linolenate (20:3n3 or n6),,dihomo-linolenate,
212,dihydrocholesterol,,,dihydrocholesterol,,dihydrocholesterol,,,,,,,
213,dimethylarginine (SDMA + ADMA),dimethylarginine (SDMA + ADMA),,,,dimethylarginine (ADMA + SDMA),dimethylarginine (SDMA + ADMA),,dimethylarginine (SDMA + ADMA),dimethylarginine (SDMA + ADMA),,dimethylarginine,
214,dimethylglycine,,Dimethylglycine,,,,dimethylglycine,dimethylglycine,,dimethylglycine,,,
215,docosadienoate (22:2n6),docosadienoate (22:2n6),,docosadienoate (22:2n6),,docosadienoate (22:2n6),docosadienoate (22:2n6),,docosadienoate (22:2n6),docosadienoate (22:2n6),,docosadienoate,
216,docosahexaenoate (DHA; 22:6n3),docosahexaenoate (DHA; 22:6n3),,docosahexaenoate (DHA; 22:6n3),,docosahexaenoate (DHA; 22:6n3),docosahexaenoate (DHA; 22:6n3),,docosahexaenoate (DHA; 22:6n3),docosahexaenoate (DHA; 22:6n3),,docosahexaenoate,
217,docosapentaenoate (n3 DPA; 22:5n3),docosapentaenoate (n3 DPA; 22:5n3),,docosapentaenoate (n3 DPA; 22:5n3),,,docosapentaenoate (n3 DPA; 22:5n3),,docosapentaenoate (n3 DPA; 22:5n3),docosapentaenoate (n3 DPA; 22:5n3),,docosapentaenoate (n3 DPA; 22:5n3),
218,docosapentaenoate (n6 DPA; 22:5n6),,,docosapentaenoate (n6 DPA; 22:5n6),,docosapentaenoate (DPA; 22:5n3),,,,,,,
219,docosatrienoate (22:3n3),docosatrienoate (22:3n3),,docosatrienoate (22:3n3),,docosatrienoate (22:3n3),docosatrienoate (22:3n3),,docosatrienoate (22:3n3),docosatrienoate (22:3n3),,docosatrienoate,
220,dodecanedioate,,,,,,dodecanedioate,,,,,,
221,eicosapentaenoate (EPA; 20:5n3),eicosapentaenoate (EPA; 20:5n3),,eicosapentaenoate (EPA; 20:5n3),,,eicosapentaenoate (EPA; 20:5n3),,eicosapentaenoate (EPA; 20:5n3),eicosapentaenoate (EPA; 20:5n3),,eicosapentaenoate,
222,eicosenoate (20:1n9 or 11),eicosenoate (20:1n9 or 11),,eicosenoate (20:1n9 or 11),,eicosenoate (20:1n9 or 1n11),eicosenoate (20:1n9 or 11),,eicosenoate (20:1n9 or 11),eicosenoate (20:1n9 or 11),,eicosenoate,
223,epinephrine,,,,,,,,,,,,
224,ergothioneine,,,ergothioneine,,ergothioneine,ergothioneine,,ergothioneine,ergothioneine,,ergothioneine,
225,erucate (22:1n9),,,,,,,,,,,,
226,erythritol,,,erythritol,,erythritol,erythritol,,erythritol,erythritol,Erythritol,erythritol,
227,erythronate*,erythronate*,,erythronate*,,erythronate*,erythronate*,,erythronate*,erythronate*,,erythronate,
228,ethanolamine,ethanolamine,,ethanolamine,,ethanolamine,ethanolamine,,ethanolamine,ethanolamine,,ethanolamine,
229,flavin adenine dinucleotide (FAD),flavin adenine dinucleotide (FAD),,flavin adenine dinucleotide (FAD),FAD,,flavin adenine dinucleotide (FAD),FAD,flavin adenine dinucleotide (FAD),flavin adenine dinucleotide (FAD),,flavin_adenine_dinucleotide,FAD
230,fructose,fructose,,fructose,,fructose,fructose,,fructose,fructose,Fructose,fructose,
231,fructose 1-phosphate,,,,,fructose 1-phosphate,,,,,,,
232,fructose-6-phosphate,fructose-6-phosphate,,fructose-6-phosphate,fructose-6P(F6P),fructose 6-phosphate,fructose-6-phosphate,fructose-6-phosphate,fructose-6-phosphate,fructose-6-phosphate,Fructose-6-phosphate,fructose-6-phosphate,fructose-6P(F6P)
233,fucose,fucose,,fucose,,,fucose,,,fucose,,fucose,
234,fumarate,fumarate,,fumarate,fumarate(Fum),fumarate,fumarate,fumarate,fumarate,fumarate,Fumarate (trans-Butenedioate),fumarate,fumarate(Fum)
235,gabapentin,,,,,,,,,,,,
236,galactose,galactose,,,,,galactose,,galactose,,,galactose,
237,gamma-aminobutyrate (GABA),gamma-aminobutyrate (GABA),,gamma-aminobutyrate (GABA),4-aminobutylate,gamma-aminobutyrate (GABA),gamma-aminobutyrate (GABA),4-aminobutyrate,gamma-aminobutyrate (GABA),gamma-aminobutyrate (GABA),,gamma-aminobutyrate,4-aminobutylate
238,gamma-glutamylcysteine,,,,_-glutamylcysteine(_-Glu-Cys),,,,,,g-Glutamylcysteine,,_-glutamylcysteine(_-Glu-Cys)
239,gamma-glutamylglutamate,gamma-glutamylglutamate,,gamma-glutamylglutamate,,gamma-glutamylglutamate,gamma-glutamylglutamate,,gamma-glutamylglutamate,gamma-glutamylglutamate,,gamma-glutamylglutamate,
240,gamma-glutamylglutamine,gamma-glutamylglutamine,,gamma-glutamylglutamine,,gamma-glutamylglutamine,gamma-glutamylglutamine,,gamma-glutamylglutamine,,g-Glutamylglutamine,gamma-glutamylglutamine,
241,gamma-glutamylisoleucine*,gamma-glutamylisoleucine*,,gamma-glutamylisoleucine*,,,gamma-glutamylisoleucine*,,,,,,
242,gamma-glutamylleucine,gamma-glutamylleucine,,gamma-glutamylleucine,,,gamma-glutamylleucine,,gamma-glutamylleucine,gamma-glutamylleucine,,gamma-glutamylleucine,
243,gamma-glutamylphenylalanine,,,gamma-glutamylphenylalanine,,,gamma-glutamylphenylalanine,,gamma-glutamylphenylalanine,gamma-glutamylphenylalanine,,,
244,gamma-glutamylvaline,,,gamma-glutamylvaline,,,gamma-glutamylvaline,,,,,,
245,gamma-tocopherol,gamma-tocopherol,,gamma-tocopherol,,gamma-tocopherol,gamma-tocopherol,,,,,gamma-tocopherol,
246,glucarate (saccharate),,,,,,glucarate (saccharate),,,glucarate (saccharate),,,
247,gluconate,gluconate,,gluconate,gluconate,gluconate,gluconate,D-gluconate,gluconate,gluconate,,gluconate,gluconate
248,glucose,glucose,,glucose,,glucose,glucose,,glucose,glucose,Glucose,glucose,
249,glucose 1-phosphate,,,,glucose-1P(G1P),,glucose 1-phosphate,glucose-1-phosphate,,,,,glucose-1P(G1P)
250,glucose-6-phosphate (G6P),glucose-6-phosphate (G6P),,glucose-6-phosphate (G6P),glucose-6P(G6P),glucose 6-phosphate,glucose-6-phosphate (G6P),glucose-6-phosphate,glucose-6-phosphate (G6P),glucose-6-phosphate (G6P),,glucose-6-phosphate,glucose-6P(G6P)
251,glucuronate,glucuronate,,,,,,,,,,,
252,glutamate,glutamate,,glutamate,glutamate,glutamate,glutamate,glutamate,glutamate,glutamate,Glutamate,glutamate,glutamate
253,"glutamate, gamma-methyl ester",,,"glutamate, gamma-methyl ester",,,,,,,,"glutamate,_gamma-methyl_ester",
254,glutamine,glutamine,,glutamine,glutamine,glutamine,glutamine,glutamine,glutamine,glutamine,Glutamine,glutamine,glutamine
255,glutarate (pentanedioate),,,glutarate (pentanedioate),,glutarate (pentanedioate),glutarate (pentanedioate),,,,Glutarate (Pentanedioate),glutarate,
256,glutaroyl carnitine,,,glutaroyl carnitine,,glutaroylcarnitine (C5),glutaroyl carnitine,,,,,glutaroyl_carnitine,
257,"glutathione, oxidized (GSSG)","glutathione, oxidized (GSSG)",,"glutathione, oxidized (GSSG)",glutathionedisulfide(GSSG),"glutathione, oxidized (GSSG)","glutathione, oxidized (GSSG)",glutathione disulfide,"glutathione, oxidized (GSSG)","glutathione, oxidized (GSSG)",,"glutathione,_oxidized",glutathionedisulfide(GSSG)
258,"glutathione, reduced (GSH)","glutathione, reduced (GSH)",,"glutathione, reduced (GSH)",glutathione(GSH),"glutathione, reduced (GSH)","glutathione, reduced (GSH)",glutathione,"glutathione, reduced (GSH)","glutathione, reduced (GSH)",Glutathione reduced (GSH),"glutathione,_reduced",glutathione(GSH)
259,glycerate,glycerate,,glycerate,,glycerate,glycerate,glycerate,glycerate,glycerate,Glycerate,glycerate,
260,glycerol,glycerol,,glycerol,,glycerol,glycerol,,glycerol,glycerol,Glycerol,glycerol,
261,glycerol 2-phosphate,glycerol 2-phosphate,,glycerol 2-phosphate,,glycerol 2-phosphate,glycerol 2-phosphate,,glycerol 2-phosphate,glycerol 2-phosphate,,glycerol_2-phosphate,
262,glycerol 3-phosphate (G3P),glycerol 3-phosphate (G3P),,glycerol 3-phosphate (G3P),glycerol-3P,glycerol 3-phosphate (G3P),glycerol 3-phosphate (G3P),sn-glycerol-3-phosphate,glycerol 3-phosphate (G3P),glycerol 3-phosphate (G3P),Glycerol-3-phosphate (G3P),glycerol_3-phosphate,glycerol-3P
263,glycerophosphoethanolamine,,,glycerophosphoethanolamine,,glycerophosphoethanolamine,glycerophosphoethanolamine,,,,,glycerophosphoethanolamine,
264,glycerophosphorylcholine (GPC),glycerophosphorylcholine (GPC),,glycerophosphorylcholine (GPC),,glycerophosphorylcholine (GPC),glycerophosphorylcholine (GPC),Glycerophosphocholine,glycerophosphorylcholine (GPC),glycerophosphorylcholine (GPC),Glycerophosphorylcholine (GPC),glycerophosphorylcholine,
265,glycine,glycine,,glycine,glycine,glycine,glycine,glycine,glycine,glycine,Glycine,glycine,glycine
266,glycocholenate sulfate*,,,,,,glycocholenate sulfate*,,glycocholenate sulfate*,glycocholenate sulfate*,,,
267,glycolate (hydroxyacetate),,,glycolate (hydroxyacetate),glycolate,glycolate (hydroxyacetate),glycolate (hydroxyacetate),,glycolate (hydroxyacetate),,,,glycolate
268,glycolithocholate sulfate*,glycolithocholate sulfate*,,glycolithocholate sulfate*,,,glycolithocholate sulfate*,,,glycolithocholate sulfate*,,,
269,glycylglycine,glycylglycine,,glycylglycine,,glycylglycine,,,glycylglycine,glycylglycine,,,
270,glycylisoleucine,,,glycylisoleucine,,,,,glycylisoleucine,glycylisoleucine,,glycylisoleucine,
271,glycylleucine,glycylleucine,,glycylleucine,,,glycylleucine,,glycylleucine,glycylleucine,,glycylleucine,
272,glycyllysine,,,,,,,,,,,,
273,glycylmethionine,,,,,,,,,,,,
274,glycylphenylalanine,,,glycylphenylalanine,,,,,,,,,
275,glycylproline,glycylproline,,glycylproline,,,glycylproline,,glycylproline,glycylproline,,glycylproline,
276,glycylthreonine,,,,,,,,,,,,
277,glycyltryptophan,,,,,,,,glycyltryptophan,,,,
278,glycyltyrosine,,,,,,,,,,,glycyltyrosine,
279,glycylvaline,glycylvaline,,glycylvaline,,,,,glycylvaline,glycylvaline,,,
280,guanidinoacetate,,,,,,,Guanidoacetic acid,guanidinoacetate,guanidinoacetate,,,
281,guanine,guanine,Guanine,guanine,guanine,guanine,guanine,guanine,,guanine,Guanine,guanine,guanine
282,guanosine,guanosine,,guanosine,guanosine,guanosine,guanosine,guanosine,guanosine,guanosine,Guanosine,guanosine,guanosine
283,guanosine 5'- monophosphate (5'-GMP),,,guanosine 5'- monophosphate (5'-GMP),,,,,,guanosine 5'- monophosphate (5'-GMP),,,
284,"gulono-1,4-lactone",,,,,,,,,,,,
285,heme,heme*,,heme*,,heme*,heme*,,heme*,heme*,,heme*,
286,hexanoylcarnitine,hexanoylcarnitine,,hexanoylcarnitine,,hexanoylcarnitine (C6),hexanoylcarnitine,,hexanoylcarnitine,hexanoylcarnitine,Hexanoylcarnitine (C6 AC),hexanoylcarnitine,
287,hippurate,hippurate,Hippuric acid,hippurate,,hippurate,hippurate,Hippuric acid,hippurate,hippurate,Hippurate (Benzoylglycine),hippurate,
288,histamine,histamine,Histamine,histamine,,histamine,histamine,,histamine,histamine,Histamine,histamine,
289,histidine,histidine,Histidine,histidine,histidine,histidine,histidine,histidine,histidine,histidine,Histidine,histidine,histidine
290,histidylleucine,,,histidylleucine,,,,,,histidylleucine,,,
291,histidylmethionine,,,,,,,,,,,,
292,histidylphenylalanine,,,,,,,,,,,,
293,histidyltryptophan,,,,,,,,,,,,
294,histidyltyrosine,,,,,,,,,,,,
295,homocysteine,homocysteine,Homocysteine,,homocysteine,homocysteine,,homocysteine,homocysteine,homocysteine,Homocysteine,,homocysteine
296,homoserine,,Homoserine,,homoserine,,,,,,,,homoserine
297,homostachydrine*,,,,,,,,,,,,
298,hydantoin-5-propionic acid,,,,,,,,,,,,
299,hydrochlorothiazide,,,hydrochlorothiazide,,,,,,,,,
300,hypotaurine,,,hypotaurine,hypotaurine,hypotaurine,hypotaurine,,,hypotaurine,Hypotaurine,hypotaurine,hypotaurine
301,hypoxanthine,hypoxanthine,Hypoxanthine,hypoxanthine,hypoxanthine,hypoxanthine,hypoxanthine,hypoxanthine,hypoxanthine,hypoxanthine,Hypoxanthine,hypoxanthine,hypoxanthine
302,imidazole propionate,,,,,,,,,,,,
303,indoleacetate,,,,,,,,,,,,
304,indolelactate,,,,,,indolelactate,,,,Indolelactate,indolelactate,
305,inosine,inosine,,inosine,inosine,inosine,inosine,inosine,inosine,inosine,Inosine,inosine,inosine
306,inositol 1-phosphate (I1P),inositol 1-phosphate (I1P),,inositol 1-phosphate (I1P),IMP,inositol 1-phosphate (I1P),inositol 1-phosphate (I1P),IMP,inositol 1-phosphate (I1P),inositol 1-phosphate (I1P),,inositol_1-phosphate,IMP
307,"Isobar: fructose 1,6-diphosphate, glucose 1,6-diphosphate, myo-inositol 1,4 or 1,3-diphosphate",,,"Isobar: fructose 1,6-diphosphate, glucose 1,6-diphosphate, myo-inositol 1,4 or 1,3-diphosphate",,,,,,"Isobar: fructose 1,6-diphosphate, glucose 1,6-diphosphate, myo-inositol 1,4 or 1,3-diphosphate",,,
308,"Isobar: ribulose 5-phosphate, xylulose 5-phosphate","Isobar: ribulose 5-phosphate, xylulose 5-phosphate",,"Isobar: ribulose 5-phosphate, xylulose 5-phosphate",,"Isobar: ribulose 5-phosphate, xylulose 5-phosphate","Isobar: ribulose 5-phosphate, xylulose 5-phosphate",,"Isobar: ribulose 5-phosphate, xylulose 5-phosphate",,,,
309,isobutyrylcarnitine,isobutyrylcarnitine,,isobutyrylcarnitine,,,isobutyrylcarnitine,,isobutyrylcarnitine,isobutyrylcarnitine,,isobutyrylcarnitine,
310,isoleucine,isoleucine,,isoleucine,isoleucine,isoleucine,isoleucine,,isoleucine,isoleucine,Isoleucine,isoleucine,isoleucine
311,isoleucylalanine,,,isoleucylalanine,,,,,,isoleucylalanine,,,
312,isoleucylarginine,,,,,,,,,,,,
313,isoleucylglutamate,,,isoleucylglutamate,,,,,,isoleucylglutamate,,,
314,isoleucylglycine,,,,,,,,,isoleucylglycine,,,
315,isoleucylhistidine,,,,,,,,,,,,
316,isoleucylisoleucine,,,,,,,,isoleucylisoleucine,isoleucylisoleucine,,isoleucylisoleucine,
317,isoleucylmethionine,,,,,,,,,isoleucylmethionine,,,
318,isoleucylphenylalanine,,,,,,,,,isoleucylphenylalanine,,,
319,isoleucylserine,,,isoleucylserine,,,,,,isoleucylserine,,,
320,isoleucyltryptophan,,,,,,,,,,,,
321,isoleucyltyrosine,,,,,,,,,isoleucyltyrosine,,,
322,isoleucylvaline,,,,,,,,,,,,
323,isovalerylcarnitine,isovalerylcarnitine,,isovalerylcarnitine,,isovalerylcarnitine (C5),isovalerylcarnitine,,isovalerylcarnitine,isovalerylcarnitine,,isovalerylcarnitine,
324,kynurenine,kynurenine,Kynurenine,kynurenine,,kynurenine,kynurenine,Kynurenine,kynurenine,kynurenine,Kynurenine,kynurenine,
325,lactate,lactate,,lactate,lactate,lactate,lactate,lactate,lactate,lactate,Lactate,lactate,lactate
326,laurate (12:0),laurate (12:0),Lauric acid,laurate (12:0),,laurate (12:0),laurate (12:0),,laurate (12:0),laurate (12:0),Laurate (12:0),,
327,laurylcarnitine,laurylcarnitine,,,,,laurylcarnitine,,,,,,
328,leucine,leucine,Leucine,leucine,leucine,leucine,leucine,,leucine,leucine,Leucine,leucine,leucine
329,leucylalanine,,,leucylalanine,,,,,,leucylalanine,,,
330,leucylarginine,,,,,,,,,,,,
331,leucylasparagine,,,,,,,,,,,,
332,leucylglutamate,,,leucylglutamate,,leucylglutamate,,,,leucylglutamate,,,
333,leucylglycine,,,leucylglycine,,,,,,leucylglycine,,,
334,leucylhistidine,,,,,,,,,,,,
335,leucylleucine,,,,,,,,leucylleucine,leucylleucine,,leucylleucine,
336,leucylmethionine,,,,,,,,,leucylmethionine,,,
337,leucylphenylalanine,,,,,,,,,leucylphenylalanine,,,
338,leucylserine,,,leucylserine,,,,,,leucylserine,,,
339,leucyltryptophan,,,,,,,,,,,,
340,leucyltyrosine,,,,,,,,,,,,
341,lidocaine,lidocaine,,lidocaine,,lidocaine,lidocaine,,lidocaine,lidocaine,,lidocaine,
342,linoleate (18:2n6),linoleate (18:2n6),,linoleate (18:2n6),,linoleate (18:2n6),linoleate (18:2n6),,linoleate (18:2n6),linoleate (18:2n6),Linoleate (18:2n6),linoleate,
343,linolenate [alpha or gamma; (18:3n3 or 6)],linolenate [alpha or gamma; (18:3n3 or 6)],,linolenate [alpha or gamma; (18:3n3 or 6)],,linolenate (18:3n3 or 3n6),linolenate [alpha or gamma; (18:3n3 or 6)],,linolenate [alpha or gamma; (18:3n3 or 6)],linolenate [alpha or gamma; (18:3n3 or 6)],,linolenate_[alpha_or_gamma;_(18:3n3_or_6)],
344,lipitor,,,,,,,,,,,,
345,L-urobilin,,,,,,,,,,,,
346,lysine,lysine,Lysine,lysine,lysine,lysine,lysine,lysine,lysine,lysine,Lysine,lysine,lysine
347,lysylleucine,,,,,,,,,,,,
348,lysyllysine,,,,,,,,,,,,
349,lysylmethionine,,,,,,,,,,,,
350,lysyltyrosine,,,,,,,,,,,,
351,malate,malate,,malate,malate(Mal),malate,malate,malate,malate,malate,Malate,malate,malate(Mal)
352,malonylcarnitine,,,malonylcarnitine,,,,,,,,,
353,maltohexaose,,,,,,maltohexaose,,,,,,
354,maltopentaose,maltopentaose,,maltopentaose,,,maltopentaose,,,,,,
355,maltose,maltose,,maltose,,maltose,maltose,,maltose,maltose,,maltose,
356,maltotetraose,maltotetraose,,maltotetraose,,maltotetraose,maltotetraose,,maltotetraose,maltotetraose,,maltotetraose,
357,maltotriose,maltotriose,,maltotriose,,maltotriose,maltotriose,,maltotriose,maltotriose,,maltotriose,
358,mannose,mannose,,mannose,,mannose,mannose,,mannose,mannose,Mannose,mannose,
359,mannose-6-phosphate,mannose-6-phosphate,,mannose-6-phosphate,,mannose 6-phosphate,mannose-6-phosphate,,mannose-6-phosphate,mannose-6-phosphate,Mannose-6-phosphate,mannose-6-phosphate,
360,margarate (17:0),margarate (17:0),,margarate (17:0),,margarate (17:0),margarate (17:0),,margarate (17:0),margarate (17:0),Heptadecanoate (Margarate; 17:0),margarate,
361,metformin,,,,,,,,,,,,
362,methionine,methionine,Methionine,methionine,methionine,methionine,methionine,methionine,methionine,methionine,Methionine,methionine,methionine
363,methionylalanine,,,,,,,,,,,,
364,methionylasparagine,,,,,,,,,,,,
365,methionylaspartate,,,,,,,,,,,,
366,methionylglutamate,,,,,,,,,,,,
367,methionylglycine,,,,,,,,,,,,
368,methionylleucine,,,,,,,,,methionylleucine,,,
369,methionylphenylalanine,,,,,,,,,,,,
370,methyl-alpha-glucopyranoside,,,methyl-alpha-glucopyranoside,,,methyl-alpha-glucopyranoside,,,,,methyl-alpha-glucopyranoside,
371,methylphosphate,methylphosphate,,methylphosphate,,methylphosphate,methylphosphate,,methylphosphate,,,methylphosphate,
372,metoprolol,metoprolol,,,,metoprolol,metoprolol,,metoprolol,metoprolol,,,
373,metoprolol acid metabolite*,metoprolol acid metabolite*,,,,metoprolol acid metabolite*,metoprolol acid metabolite*,,metoprolol acid metabolite*,metoprolol acid metabolite*,,,
374,myo-inositol,myo-inositol,,myo-inositol,,myo-inositol,myo-inositol,,myo-inositol,myo-inositol,myo-Inositol,myo-inositol,
375,myristate (14:0),myristate (14:0),,myristate (14:0),,myristate (14:0),myristate (14:0),,myristate (14:0),myristate (14:0),Myristate (14:0),myristate,
376,myristoleate (14:1n5),myristoleate (14:1n5),,myristoleate (14:1n5),,myristoleate (14:1n5),myristoleate (14:1n5),,myristoleate (14:1n5),myristoleate (14:1n5),,,
377,myristoylcarnitine,,,,,,myristoylcarnitine,,,,,,
378,N1-Methyl-2-pyridone-5-carboxamide,,,,,,,,,,,,
379,N1-methyladenosine,N1-methyladenosine,,N1-methyladenosine,,1-methyladenosine,N1-methyladenosine,1-Methyladenosine,N1-methyladenosine,N1-methyladenosine,,N1-methyladenosine,
380,N1-methylguanosine,N1-methylguanosine,,N1-methylguanosine,,,,,N1-methylguanosine,N1-methylguanosine,,N1-methylguanosine,
381,"N2,N2-dimethylguanosine","N2,N2-dimethylguanosine",,,,,"N2,N2-dimethylguanosine",,"N2,N2-dimethylguanosine","N2,N2-dimethylguanosine",,,
382,N2-acetyllysine,,,,,,,,,,,,
383,N2-methylguanosine,,,,,,N2-methylguanosine,,N2-methylguanosine,,,,
384,N6-acetyllysine,N6-acetyllysine,,N6-acetyllysine,,N6-acetyllysine,N6-acetyllysine,Acetyllysine,N6-acetyllysine,N6-acetyllysine,,N6-acetyllysine,
385,N6-carbamoylthreonyladenosine,,,,,,N6-carbamoylthreonyladenosine,,,,,,
386,N-6-trimethyllysine,,,,,,,,,,N-6-trimethyllysine,,
387,N-acetylalanine,N-acetylalanine,,N-acetylalanine,,N-acetylalanine,N-acetylalanine,N-Acetyl-L-alanine,N-acetylalanine,N-acetylalanine,,N-acetylalanine,
388,N-acetylarginine,,,,,,,,,,,,
389,N-acetylasparagine,,,,,,,,,,,,
390,N-acetylaspartate (NAA),N-acetylaspartate (NAA),,N-acetylaspartate (NAA),,N-acetylaspartate (NAA),N-acetylaspartate (NAA),,N-acetylaspartate (NAA),N-acetylaspartate (NAA),N-Acetylaspartate (NAA),N-acetylaspartate,
391,N-acetyl-aspartyl-glutamate (NAAG),N-acetyl-aspartyl-glutamate (NAAG),,N-acetyl-aspartyl-glutamate (NAAG),,N-acetyl-aspartyl-glutamate (NAAG),N-acetyl-aspartyl-glutamate (NAAG),,N-acetyl-aspartyl-glutamate (NAAG),N-acetyl-aspartyl-glutamate (NAAG),,N-acetyl-aspartyl-glutamate,
392,N-acetylglucosamine,N-acetylglucosamine,,,,,,,N-acetylglucosamine,N-acetylglucosamine,N-Acetylglucosamine,N-acetylglucosamine,
393,N-acetylglucosamine 6-phosphate,N-acetylglucosamine 6-phosphate,,N-acetylglucosamine 6-phosphate,,N-acetylglucosamine 6-phosphate,N-acetylglucosamine 6-phosphate,,,N-acetylglucosamine 6-phosphate,,,
394,N-acetylglutamine,,,,,,,,,,,,
395,N-acetylglycine,,,N-acetylglycine,,N-acetylglycine,N-acetylglycine,,,N-acetylglycine,,,
396,N-acetylisoleucine,N-acetylisoleucine,,,,,,,N-acetylisoleucine,,,,
397,N-acetylleucine,,,,,,,,,,,,
398,N-acetylmethionine,N-acetylmethionine,,N-acetylmethionine,,N-acetylmethionine,N-acetylmethionine,,N-acetylmethionine,N-acetylmethionine,,N-acetylmethionine,
399,N-acetylneuraminate,N-acetylneuraminate,,N-acetylneuraminate,,N-acetylneuraminate,N-acetylneuraminate,,N-acetylneuraminate,N-acetylneuraminate,N-Acetylneuraminate,N-acetylneuraminate,
400,N-acetylornithine,N-acetylornithine,,N-acetylornithine,,,,N-acetyl-L-ornithine,,,,,
401,N-acetylphenylalanine,,,,,,,,,,,,
402,N-acetylserine,N-acetylserine,,N-acetylserine,,N-acetylserine,N-acetylserine,,N-acetylserine,N-acetylserine,,N-acetylserine,
403,N-acetylthreonine,N-acetylthreonine,,N-acetylthreonine,,,N-acetylthreonine,,N-acetylthreonine,N-acetylthreonine,,N-acetylthreonine,
404,N-acetyltryptophan,N-acetyltryptophan,,,,N-acetyltryptophan,N-acetyltryptophan,,N-acetyltryptophan,,,N-acetyltryptophan,
405,N-acetyltyrosine,,,,,,,,,,,,
406,N-acetylvaline,,N-Acetyl Valine,,,,,,,,,,
407,naproxen,naproxen,,,,,,,,,,,
408,nervonate (24:1n9),,,,,,,,,,,,
409,nicotinamide,nicotinamide,,nicotinamide,,nicotinamide,nicotinamide,nicotinamide,nicotinamide,nicotinamide,Nicotinamide,nicotinamide,
410,nicotinamide adenine dinucleotide (NAD+),nicotinamide adenine dinucleotide (NAD+),,nicotinamide adenine dinucleotide (NAD+),NAD+,NAD+,nicotinamide adenine dinucleotide (NAD+),NAD+,nicotinamide adenine dinucleotide (NAD+),nicotinamide adenine dinucleotide (NAD+),Nicotinamide adenine dinucleotide (NAD+),nicotinamide_adenine_dinucleotide,NAD+
411,nicotinamide adenine dinucleotide reduced (NADH),,,nicotinamide adenine dinucleotide reduced (NADH),NADH,,,NADH,,,,nicotinamide_adenine_dinucleotide_reduced,NADH
412,nicotinamide ribonucleotide (NMN),,,nicotinamide ribonucleotide (NMN),,,,,nicotinamide ribonucleotide (NMN),nicotinamide ribonucleotide (NMN),Nicotinamide Ribonucleotide (NMN),nicotinamide_ribonucleotide,
413,nicotinamide riboside*,,,,,,nicotinamide riboside*,,,,,nicotinamide_riboside,
414,nicotinate,nicotinate,,,,,,,,,,,
415,nicotinate adenine dinucleotide (NAAD+),,,,,,,,,,,,
416,N-methylglutamate,,,,,,,,,,,,
417,octanoylcarnitine,octanoylcarnitine,,,,,octanoylcarnitine,,octanoylcarnitine,octanoylcarnitine,,,
418,oleate (18:1n9),oleate (18:1n9),Oleic acid,oleate (18:1n9),,oleate (18:1n9),oleate (18:1n9),,oleate (18:1n9),oleate (18:1n9),Oleate (18:1n9),oleate,
419,oleoylcarnitine,oleoylcarnitine,,oleoylcarnitine,,oleoylcarnitine (C18),oleoylcarnitine,,oleoylcarnitine,oleoylcarnitine,,oleoylcarnitine,
420,ophthalmate,ophthalmate,,ophthalmate,opthalmate,ophthalmate,ophthalmate,,ophthalmate,ophthalmate,,ophthalmate,opthalmate
421,ornithine,ornithine,,ornithine,ornithine,ornithine,ornithine,ornithine,ornithine,ornithine,Ornithine,ornithine,ornithine
422,p-acetamidophenylglucuronide,p-acetamidophenylglucuronide,,p-acetamidophenylglucuronide,,p-acetamidophenylglucuronide,p-acetamidophenylglucuronide,,p-acetamidophenylglucuronide,,,p-acetamidophenylglucuronide,
423,palmitate (16:0),palmitate (16:0),Palmitic acid,palmitate (16:0),,palmitate (16:0),palmitate (16:0),,palmitate (16:0),palmitate (16:0),Palmitate (16:0),palmitate,
424,palmitoleate (16:1n7),palmitoleate (16:1n7),,palmitoleate (16:1n7),,palmitoleate (16:1n7),palmitoleate (16:1n7),,palmitoleate (16:1n7),palmitoleate (16:1n7),Palmitoleate (16:1n7),palmitoleate,
425,palmitoyl sphingomyelin,,,palmitoyl sphingomyelin,,palmitoyl sphingomyelin,,,palmitoyl sphingomyelin,palmitoyl sphingomyelin,,palmitoyl_sphingomyelin,
426,palmitoylcarnitine,palmitoylcarnitine,,palmitoylcarnitine,,,palmitoylcarnitine,,palmitoylcarnitine,palmitoylcarnitine,,,
427,pantothenate,pantothenate,Pantothenic acid,pantothenate,,pantothenate (Vitamin B5),pantothenate,pantothenate,pantothenate,pantothenate,Pantothenate,pantothenate,
428,paroxetine,,,,,,,,,,,,
429,p-cresol sulfate,p-cresol sulfate,,p-cresol sulfate,,p-cresol sulfate,p-cresol sulfate,,p-cresol sulfate,p-cresol sulfate,,p-cresol_sulfate,
430,pelargonate (9:0),,,pelargonate (9:0),,pelargonate (9:0),pelargonate (9:0),,pelargonate (9:0),pelargonate (9:0),,,
431,penicillin G,,,,,,,,penicillin G,,,penicillin_G,
432,pentadecanoate (15:0),,,pentadecanoate (15:0),,pentadecanoate (15:0),pentadecanoate (15:0),,pentadecanoate (15:0),,,,
433,phenol red,phenol red,,,,,,,phenol red,,,,
434,phenol sulfate,phenol sulfate,,phenol sulfate,,phenol sulfate,phenol sulfate,,phenol sulfate,phenol sulfate,,phenol_sulfate,
435,phenylacetylglutamine,phenylacetylglutamine,,phenylacetylglutamine,,phenylacetylglutamine,phenylacetylglutamine,,phenylacetylglutamine,phenylacetylglutamine,,phenylacetylglutamine,
436,phenylalanine,phenylalanine,Phenylalanine,phenylalanine,phenylalanine,phenylalanine,phenylalanine,phenylalanine,phenylalanine,phenylalanine,Phenylalanine,phenylalanine,phenylalanine
437,phenylalanylalanine,,,,,,,,,,,,
438,phenylalanylarginine,,,,,,,,,,,,
439,phenylalanylaspartate,,,,,,,,,,,,
440,phenylalanylglutamate,,,,,,,,,,,,
441,phenylalanylglycine,,,,,,,,,,,,
442,phenylalanylleucine,,,,,,,,,phenylalanylleucine*,,,
443,phenylalanylmethionine,,,,,,,,,,,,
444,phenylalanylphenylalanine,,,,,,,,,phenylalanylphenylalanine,,,
445,phenylalanylproline,,,,,,,,,,,,
446,phenylalanylserine,,,phenylalanylserine,,,,,,phenylalanylserine,,,
447,phenylalanyltryptophan,,,,,,,,,,,,
448,phenylalanyltyrosine,,,,,,,,,,,,
449,phenylalanylvaline,,,,,,,,,,,,
450,phosphate,phosphate,,phosphate,,phosphate,phosphate,,phosphate,phosphate,,phosphate,
451,phosphoenolpyruvate (PEP),phosphoenolpyruvate (PEP),,,phosphoenolpyruvate(PEP),phosphoenolpyruvate (PEP),phosphoenolpyruvate (PEP),phosphoenolpyruvate,,,Phosphoenolpyruvate (PEP,,phosphoenolpyruvate(PEP)
452,phosphoethanolamine,phosphoethanolamine,,phosphoethanolamine,,phosphoethanolamine (PE),phosphoethanolamine,,phosphoethanolamine,phosphoethanolamine,Phosphoethanolamine,phosphoethanolamine,
453,phytosphingosine,phytosphingosine,,phytosphingosine,,,,,,,,,
454,pipecolate,pipecolate,pipecolic acid,pipecolate,,pipecolate,pipecolate,,pipecolate,pipecolate,Pipecolate,pipecolate,
455,piperine,,,piperine,,,,,,,,piperine,
456,pivaloylcarnitine,,,,,,,,,,,,
457,pregnanediol-3-glucuronide,,,pregnanediol-3-glucuronide,,,,,,,,,
458,pregnen-diol disulfate*,pregnen-diol disulfate*,,,,,pregnen-diol disulfate*,,pregnen-diol disulfate*,pregnen-diol disulfate*,,,
459,pro-hydroxy-pro,,,pro-hydroxy-pro,,prolylhydroxyproline,pro-hydroxy-pro,,pro-hydroxy-pro,pro-hydroxy-pro,,,
460,proline,proline,Proline,proline,proline,proline,proline,proline,proline,proline,Proline,proline,proline
461,prolylglycine,,,,,,,,,prolylglycine,,,
462,prolylmethionine,,,,,,,,,,,,
463,propionylcarnitine,propionylcarnitine,,propionylcarnitine,,propionylcarnitine (C3),propionylcarnitine,,propionylcarnitine,propionylcarnitine,,propionylcarnitine,
464,prostaglandin A2,,,,,,,,,prostaglandin A2,,,
465,prostaglandin E2,,,,,,,,prostaglandin E2,prostaglandin E2,,,
466,pseudouridine,pseudouridine,,pseudouridine,,pseudouridine,pseudouridine,,pseudouridine,pseudouridine,,pseudouridine,
467,putrescine,putrescine,,putrescine,putrescine,putrescine,putrescine,,putrescine,putrescine,Putrescine,putrescine,putrescine
468,pyridoxal,,,,,,,,pyridoxal,,,,
469,pyridoxate,pyridoxate,,pyridoxate,,,pyridoxate,,pyridoxate,,,pyridoxate,
470,pyroglutamine*,pyroglutamine*,,pyroglutamine*,,pyroglutamine*,pyroglutamine*,,pyroglutamine*,pyroglutamine*,,pyroglutamine,
471,pyrophosphate (PPi),pyrophosphate (PPi),,pyrophosphate (PPi),,pyrophosphate (PPi),pyrophosphate (PPi),,,,Pyrophosphate (PPi),,
472,quebrachitol,,,quebrachitol,,,,,,,,,
473,quinate,,,,,,quinate,,,,,quinate,
474,quinidine,,,,,,,,,,,,
475,quinolinate,quinolinate,,,,,quinolinate,,,,Quinolinate,quinolinate,
476,ranitidine,,,ranitidine,,ranitidine,,,ranitidine,,,,
477,ribitol,ribitol,,ribitol,,ribitol,ribitol,,,ribitol,,ribitol,
478,riboflavin (Vitamin B2),riboflavin (Vitamin B2),,,,,riboflavin (Vitamin B2),,riboflavin (Vitamin B2),riboflavin (Vitamin B2),Riboflavin (Vitamin B2),riboflavin,
479,ribose,ribose,,ribose,,ribose,ribose,,ribose,ribose,Ribose,ribose,
480,ribulose,ribulose,,ribulose,,ribulose,ribulose,,,ribulose,,ribulose,
481,saccharopine,,,,,,,,,,,saccharopine,
482,S-adenosylhomocysteine (SAH),S-adenosylhomocysteine (SAH),,S-adenosylhomocysteine (SAH),S-adenosylhomocysteine(SAH),S-adenosylhomocysteine (SAH),S-adenosylhomocysteine (SAH),S-adenosyl-L-homocysteine,S-adenosylhomocysteine (SAH),S-adenosylhomocysteine (SAH),S-Adenosylhomocysteine (SAH),S-adenosylhomocysteine,S-adenosylhomocysteine(SAH)
483,S-adenosylmethionine (SAM),S-adenosylmethionine (SAM),S-Adenosylmethionine,,S-adenosylmethionine(SAM),,,S-adenosyl-L-methionine,,,S-Adenosylmethionine (SAM),,S-adenosylmethionine(SAM)
484,salicylate,salicylate,,,,salicylate,,,,,,,
485,sarcosine (N-Methylglycine),sarcosine (N-Methylglycine),Sarcosine,,,sarcosine (N-Methylglycine),sarcosine (N-Methylglycine),,sarcosine (N-Methylglycine),,Sarcosine (N-Methylglycine),sarcosine,
486,scyllo-inositol,scyllo-inositol,,scyllo-inositol,,scyllo-inositol,scyllo-inositol,,scyllo-inositol,scyllo-inositol,,scyllo-inositol,
487,sedoheptulose-7-phosphate,sedoheptulose-7-phosphate,,sedoheptulose-7-phosphate,sedoheptulose-7P(S7P),sedoheptulose-7-phosphate,,,,,,,sedoheptulose-7P(S7P)
488,serine,serine,Serine,serine,serine,serine,serine,serine,serine,serine,Serine,serine,serine
489,serylisoleucine*,,,,,,,,,,,,
490,serylleucine,,,serylleucine,,serylleucine,,,,serylleucine,,,
491,serylphenyalanine,,,serylphenyalanine,,,,,,serylphenyalanine,,,
492,serylvaline,,,,,,,,,,,,
493,S-methylcysteine,,,S-methylcysteine,,S-methylcysteine,,Methylcysteine,,S-methylcysteine,,,
494,sorbitol,sorbitol,,sorbitol,,sorbitol,sorbitol,,,sorbitol,Sorbitol,sorbitol,
495,sorbitol 6-phosphate,,,,,,,,,,,,
496,spermidine,spermidine,Spermidine,spermidine,spermidine,spermidine,spermidine,,spermidine,spermidine,Spermidine,spermidine,spermidine
497,spermine,spermine,Spermine,,spermine,,spermine,,spermine,spermine,Spermine,spermine,spermine
498,sphinganine,sphinganine,,sphinganine,,sphinganine,sphinganine,,sphinganine,sphinganine,,,
499,sphingosine,sphingosine,,sphingosine,,sphingosine,sphingosine,,sphingosine,sphingosine,,sphingosine,
500,squalene,squalene,,,,,squalene,,squalene,squalene,,,
501,stachydrine,stachydrine,,stachydrine,,stachydrine,stachydrine,,stachydrine,stachydrine,,,
502,stearate (18:0),stearate (18:0),,stearate (18:0),,stearate (18:0),stearate (18:0),,stearate (18:0),stearate (18:0),,stearate,
503,stearidonate (18:4n3),stearidonate (18:4n3),,stearidonate (18:4n3),,,,,stearidonate (18:4n3),,,,
504,stearoylcarnitine,stearoylcarnitine,,stearoylcarnitine,,stearoylcarnitine (C18),stearoylcarnitine,,stearoylcarnitine,stearoylcarnitine,,stearoylcarnitine,
505,streptomycin,,,,,,,,,,,,
506,succinate,succinate,,succinate,succinate(Suc),succinate,succinate,succinate,succinate,succinate,Succinate,succinate,succinate(Suc)
507,succinylcarnitine,succinylcarnitine,,succinylcarnitine,,,succinylcarnitine,,succinylcarnitine,succinylcarnitine,,succinylcarnitine,
508,tartarate,,,,,,,,,,Tartarate,,
509,taurine,taurine,Taurine,taurine,taurine,taurine,taurine,taurine,taurine,taurine,Taurine,taurine,taurine
510,testosterone,,,,,,,,,,,,
511,theobromine,,,theobromine,,,,,,,,theobromine,
512,threitol,,,,,,threitol,,,threitol,,,
513,threonate,threonate,,threonate,,,threonate,,,,,,
514,threonine,threonine,Threonine,threonine,threonine,threonine,threonine,threonine,threonine,threonine,Threonine,threonine,threonine
515,threonylglutamate,,,,,,,,,,,,
516,threonylleucine,,,threonylleucine,,,,,,threonylleucine,,,
517,threonylmethionine,,,,,,,,,,,,
518,threonylphenylalanine,,,threonylphenylalanine,,,,,threonylphenylalanine,threonylphenylalanine,,threonylphenylalanine,
519,threonylvaline,,,,,,,,,,,,
520,thymidine,,,,,,,,thymidine,,,,
521,thymine,thymine,Thymine,thymine,,thymine,thymine,thymine,thymine,thymine,Thymine,,
522,trans-4-hydroxyproline,trans-4-hydroxyproline,,,hydroxyproline,hydroxyproline,trans-4-hydroxyproline,hydroxyproline,trans-4-hydroxyproline,trans-4-hydroxyproline,Hydroxyproline,trans-4-hydroxyproline,hydroxyproline
523,trans-urocanate,,,,,,,,,,,,
524,triethyleneglycol,,,triethyleneglycol,,triethyleneglycol,,,,,,triethyleneglycol,
525,trigonelline (N'-methylnicotinate),,,,,,,,,,,,
526,tryptophan,tryptophan,Tryptophan,tryptophan,tryptophan,tryptophan,tryptophan,tryptophan,tryptophan,tryptophan,Tryptophan,tryptophan,tryptophan
527,tryptophan betaine ,tryptophan betaine,,tryptophan betaine ,,tryptophan betaine ,tryptophan betaine ,,tryptophan betaine ,tryptophan betaine ,,tryptophan_betaine,
528,tryptophylasparagine,,,,,,,,,,,,
529,tryptophylglutamate,,,,,,,,,,,,
530,tryptophylleucine,,,,,,,,,,,,
531,tyrosine,tyrosine,Tyrosine,tyrosine,tyrosine,tyrosine,tyrosine,tyrosine,tyrosine,tyrosine,Tyrosine,tyrosine,tyrosine
532,tyrosylalanine,,,,,,,,,,,,
533,tyrosylglutamine,,,,,,,,,,,,
534,tyrosylglycine,,,,,,,,,,,,
535,tyrosylhistidine,,,,,,,,,,,,
536,tyrosylleucine,,,,,,,,,tyrosylleucine,,,
537,tyrosyllysine,,,,,,,,,,,,
538,tyrosylphenylalanine,,,,,,,,,,,,
539,tyrosyltyrosine,,,,,,,,,,,,
540,tyrosylvaline,,,,,,,,,,,,
541,undecanedioate,,,undecanedioate,,,undecanedioate,,undecanedioate,undecanedioate,,,
542,uracil,uracil,Uracil,uracil,,uracil,uracil,uracil,uracil,uracil,Uracil,uracil,
543,urate,urate,,urate,,urate,urate,Uric acid,urate,urate,Urate,urate,
544,urea,urea,,urea,,urea,urea,Urea,urea,urea,Urea,urea,
545,uridine,uridine,,uridine,uridine,uridine,uridine,uridine,uridine,uridine,Uridine,uridine,uridine
546,uridine monophosphate (5' or 3'),,,uridine monophosphate (5' or 3'),,,,,,uridine monophosphate (5' or 3'),,,
547,valerylcarnitine,valerylcarnitine,,valerylcarnitine,,valerylcarnitine (C5),valerylcarnitine,,valerylcarnitine,valerylcarnitine,,valerylcarnitine,
548,valine,valine,Valine,valine,valine,valine,valine,valine,valine,valine,Valine,valine,valine
549,valylalanine,,,,,,,,,,,,
550,valylarginine,,,,,,,,,,,,
551,valylasparagine,,,valylasparagine,,,,,,,,,
552,valylaspartate,,,,,,,,,valylaspartate,,,
553,valylglutamate,,,,,,,,,,,,
554,valylglutamine,,,,,,,,,,,,
555,valylglycine,,,valylglycine,,,,,,,,,
556,valylhistidine,,,,,,,,,,,,
557,valylisoleucine,,,,,,,,,valylisoleucine,,,
558,valylleucine,,,,,,,,,valylleucine,,,
559,valyllysine,,,,,,,,,,,,
560,valylmethionine,,,,,,,,,valylmethionine,,,
561,valylphenylalanine,,,valylphenylalanine,,,,,,valylphenylalanine,,,
562,valylserine,,,valylserine,,,,,,valylserine,,,
563,valyltryptophan,,,,,,,,,valyltryptophan,,,
564,valyltyrosine,,,,,,,,,valyltyrosine,,,
565,valylvaline,,,valylvaline,,,,,,valylvaline,,,
566,vanillylmandelate (VMA),,,,,,vanillylmandelate (VMA),,,,,,
567,venlafaxine,,,,,,,,venlafaxine,,,,
568,VGAHAGEYGAEALER*,,,VGAHAGEYGAEALER*,,,,,VGAHAGEYGAEALER*,VGAHAGEYGAEALER*,,,
569,xanthine,xanthine,Xanthine,xanthine,,xanthine,xanthine,xanthine,xanthine,xanthine,Xanthine,xanthine,
570,xanthosine,xanthosine,,xanthosine,,,xanthosine,xanthosine,xanthosine,xanthosine,Xanthosine,xanthosine,
571,xylitol,xylitol,,xylitol,,xylitol,xylitol,,,xylitol,Xylitol,xylitol,
572,xylonate,,,,,xylonate,xylonate,,,xylonate,,,
573,xylose,,,,,,,,,xylose,,,
574,xylulose,xylulose,,xylulose,,xylulose,xylulose,,,xylulose,,xylulose,
575,,1-methylnicotinamide,,,,,,methylnicotinamide,,,,,
576,,2'-O-methylguanosine,,,,,,,2'-O-methylguanosine,,,,
577,,2-hydroxystearate,,2-hydroxystearate,,,2-hydroxystearate,,,,,2-hydroxystearate,
578,,2-methylmalonyl carnitine,,2-methylmalonyl carnitine,,,,,,,,,
579,,2-palmitoleoylglycerophosphoethanolamine*,,,,,2-palmitoleoylglycerophosphoethanolamine*,,,2-palmitoleoylglycerophosphoethanolamine*,,,
580,,3-methyl-2-oxobutyrate,,,,,,,3-methyl-2-oxobutyrate,,,,
581,,3-phenylpropionate (hydrocinnamate),,,,,,,,,,,
582,,4-hydroxyphenylpyruvate,,4-hydroxyphenylpyruvate,,,4-hydroxyphenylpyruvate,,4-hydroxyphenylpyruvate,4-hydroxyphenylpyruvate,,,
583,,4-octenedioate,,,,,,,,,,,
584,,"5alpha-pregnan-3beta,20alpha-diol disulfate",,,,,"5alpha-pregnan-3beta,20alpha-diol disulfate",,,,,,
585,,adenosine 5'diphosphoribose,,adenosine 5'diphosphoribose,,,,,,adenosine 5'diphosphoribose,,adenosine_5'diphosphoribose,
586,,ADSGEGDFXAEGGGVR*,,,,,,,,,,,
587,,alanylhistidine,,,,,,,,,,,
588,,alpha-ketoglutarate,,,2-oxoglutarate(2OG),,alpha-ketoglutarate,a-ketoglutarate,alpha-ketoglutarate,,a-Ketoglutarate,alpha-ketoglutarate,2-oxoglutarate(2OG)
589,,andro steroid monosulfate 1*,,,,,,,,,,,
590,,andro steroid monosulfate 2*,,,,,andro steroid monosulfate 2*,,,,,,
591,,behenate (22:0),,,,,behenate (22:0),,,,,,
592,,"conjugated linoleate (18:2n7; 9Z,11E)",,,,,,,,,,,
593,,cystathionine,,cystathionine,cystathionine,cystathionine,,cystathionine,,,Cystathionine,,cystathionine
594,,dehydroisoandrosterone sulfate (DHEA-S),,dehydroisoandrosterone sulfate (DHEA-S),,,,,,,,dehydroisoandrosterone_sulfate,
595,,desmethylnaproxen sulfate*,,,,,,,,,,desmethylnaproxen_sulfate,
596,,epiandrosterone sulfate,,epiandrosterone sulfate,,,,,,,,,
597,,fluoxitine,,,,,,,,,,,
598,,folate,,,,,,,,,,,
599,,gamma-glutamylalanine,,,,gamma-glutamylalanine,,,,,,gamma-glutamylalanine,
600,,gamma-glutamylmethionine*,,,,,,,,,,,
601,,gamma-glutamyltyrosine,,gamma-glutamyltyrosine,,,gamma-glutamyltyrosine,,gamma-glutamyltyrosine,gamma-glutamyltyrosine,,,
602,,glycochenodeoxycholate,,glycochenodeoxycholate,,,glycochenodeoxycholate,,glycochenodeoxycholate,glycochenodeoxycholate,,,
603,,glycocholate,,glycocholate,,,glycocholate,,glycocholate,glycocholate,Glycocholate (GCA),,
604,,glycodeoxycholate,,,,,,,glycodeoxycholate,glycodeoxycholate,,,
605,,homocarnosine,,,,homocarnosine,,,,,,homocarnosine,
606,,hydroxyisovaleroyl carnitine,,hydroxyisovaleroyl carnitine,,,,,,,,hydroxyisovaleroyl_carnitine,
607,,ibuprofen,,,,,,,,,,,
608,,"Isobar: fructose 1,6-diphosphate, glucose 1,6-diphosphate",,,,"Isobar: fructose 1,6-diphosphate, glucose 1,6-diphosphate","Isobar: fructose 1,6-diphosphate, glucose 1,6-diphosphate",,"Isobar: fructose 1,6-diphosphate, glucose 1,6-diphosphate",,,"Isobar:_fructose_1,6-diphosphate,_glucose_1,6-diphosphate",
609,,malonate (propanedioate),,,,,,,,,,,
610,,mannitol,,mannitol,,mannitol,mannitol,,mannitol,mannitol,,mannitol,
611,,methionine sulfoxide,,,,,,,methionine sulfoxide,methionine sulfoxide,,,
612,,methyl-4-hydroxybenzoate,,methyl-4-hydroxybenzoate,,,,,,,,,
613,,N-acetylmannosamine,,,,,,,,,,,
614,,N-ethylglycinexylidide*,,N-ethylglycinexylidide*,,,N-ethylglycinexylidide*,,N-ethylglycinexylidide*,N-ethylglycinexylidide*,,N-ethylglycinexylidide,
615,,N-formylmethionine,,N-formylmethionine,,,N-formylmethionine,,,,,,
616,,phenylacetylglycine,,,,,,,phenylacetylglycine,,,phenylacetylglycine,
617,,phenyllactate (PLA),,phenyllactate (PLA),,,phenyllactate (PLA),,phenyllactate (PLA),,,,
618,,phenylpyruvate,,phenylpyruvate,,,phenylpyruvate,,,,,,
619,,pregn steroid monosulfate*,,pregn steroid monosulfate*,,,pregn steroid monosulfate*,,,,,,
620,,pyridoxine (Vitamin B6),,,,,,,,,,,
621,,pyroglutamylvaline,,,,,,,pyroglutamylvaline,,,pyroglutamylvaline,
622,,pyruvate,,,pyruvate,pyruvate,pyruvate,pyruvate,pyruvate,,,pyruvate,pyruvate
623,,sebacate (decanedioate),,sebacate (decanedioate),,,,,sebacate (decanedioate),sebacate (decanedioate),,sebacate,
624,,stearoyl sphingomyelin,,stearoyl sphingomyelin,,,,,stearoyl sphingomyelin,stearoyl sphingomyelin,,stearoyl_sphingomyelin,
625,,suberylglycine,,,,,,,,,,,
626,,taurochenodeoxycholate,,,,,taurochenodeoxycholate,,taurochenodeoxycholate,taurochenodeoxycholate,,,
627,,taurocholate,,,,,taurocholate,,taurocholate,taurocholate,,,
628,,taurolithocholate 3-sulfate,,,,,taurolithocholate 3-sulfate,,,,,,
629,,thymol sulfate,,,,,thymol sulfate,,,,,,
630,,UDP-glucuronate,,UDP-glucuronate,,,,UDP-D-glucuronate,,UDP-glucuronate,,,
631,,ursodeoxycholate,,,,,,,,,,,
632,,,"1,7-dimethylxanthine",,,,,,,,,,
633,,,1-Methyl-L-tryptophan,,,,,,,,,,
634,,,2-Hydroxy caprylic acid,,,,,,,,,,
635,,,3-Deoxyguanosine,,,,,,,,,,
636,,,3-Hydroxy-2-methylvalerate,,,,,,,,,,
637,,,3-hydroxy-3-methyl-Glutaric acid,,,,,,,,,,
638,,,3-Hydroxykynurenine,,,,,,,,,,
639,,,4-Hydroxy Phenyllacticacid,,,,,,,,,,
640,,,5-Hydroxyindoleaceticacid,,,,,,,,,,
641,,,5-Hydroxytryptophan,,,,,,,,5-Hydroxytryptophan,,
642,,,Allose,,,,,,,,,,
643,,,alpha-hydroxyisobutyric acid,,,,,,,,,,
644,,,Aminobutyric acid,,,,,,,,,,
645,,,b-Hydroxyisovaleric acid,,,,,,,,,,
646,,,Caffeine,,,,caffeine,,,caffeine,Caffeine,caffeine,
647,,,Cinnamic acid,,,,,,,,,,
648,,,Citramalic acid,,,,,,,,,,
649,,,Coumarin,,,,,,,,,,
650,,,DL-3-Phenyllactic acid,,,,,,,,,,
651,,,DL-Indole-3-lactic acid (3-Indolelactic acid),,,,,,,,,,
652,,,Glutamine or lysine or glutamic acid,,,,,,,,,,
653,,,glyceraldehyde-3-phosphate,,,,,,,,,,
654,,,Isobutyryl carnitine,,,,,,,,,,
655,,,Ketoleucine,,,,,,,,,,
656,,,Kynurenic acid,,,,,,,,,,
657,,,N12-Acetylthermospermidine,,,,,,,,,,
658,,,N1-Acetylspermine,,,,,,,,,,
659,,,Nonanedioic acid,,,,,,,,,,
660,,,Norepinephrine (noradrenaline),,,,,,,,,,
661,,,O-Succinyl-L-homoserine,,,,,,,,,,
662,,,Phthalic acid Mono-2-ethylhexyl Ester,,,,,,,,,,
663,,,Pyroglutamic acid,,,,,,,,,,
664,,,Suberic acid,,,,,,,,,,
665,,,Theophylline,,,,,,,,,,
666,,,Trans-4 Hydroxytamoxifen,,,,,,,,,,
667,,,Urocanic acid,,,,,,,,,,
668,,,Vidarabine,,,,,,,,,,
669,,,,1-eicosatrienoylglycerophosphocholine*,,,,,,,,,
670,,,,1-octadecanol,,,1-octadecanol,,,,,,
671,,,,13-methylmyristic acid,,13-methylmyristic acid,,,,,,,
672,,,,2-arachidonoylglycerophosphoinositol*,,,,,,,,,
673,,,,2-oleoylglycerophosphoinositol*,,,,,,,,,
674,,,,3-phosphoglycerate (isobar with 2-phosphoglycerate),,,,,,,,,
675,,,,4-acetamidobutanoate,,4-acetamidobutanoate,,,4-acetamidobutanoate,,4-Acetamidobutanoate,,
676,,,,4-ethylphenylsulfate,,,,,,,,,
677,,,,4-nitrophenol,,,,,,,,,
678,,,,acetyl CoA,,,,,,,,,
679,,,,"adenosine 3',5'-cyclic monophosphate (cAMP)",,,,,,,,,
680,,,,adenosine 5'-diphosphate (ADP),ADP,,,ADP,,,,adenosine_5'-diphosphate,ADP
681,,,,AICA ribonucleotide,,,,,,,,,
682,,,,assymetric dimethylarginine (ADMA),,,,,,,Assymetric Dimethylarginine (ADMA),,
683,,,,beta-hydroxyisovalerate,,beta-hydroxyisovalerate,beta-hydroxyisovalerate,,,,,beta-hydroxyisovalerate,
684,,,,carnosine,carnosine,,,,,,,carnosine,carnosine
685,,,,cis-urocanate,,,,,,,,,
686,,,,coenzyme A,,,,,,,,coenzyme_A,
687,,,,Coproporphyrin I,,,,,,,,,
688,,,,cytidine-5'-diphosphoethanolamine,,,,,,,,,
689,,,,delta-tocopherol,,,delta-tocopherol,,,,,,
690,,,,deoxycholate,,,,,,,,deoxycholate,
691,,,,gamma-glutamylmethionine,,,,,,,,gamma-glutamylmethionine,
693,,,,heptaethylene glycol,,heptaethylene glycol,,,,,,,
694,,,,heptanoate (7:0),,heptanoate (7:0),heptanoate (7:0),,heptanoate (7:0),heptanoate (7:0),,,
695,,,,hexaethylene glycol,,hexaethylene glycol,,,,,,,
696,,,,inosine 5'-monophosphate (IMP),,,,,,,,,
697,,,,"Isobar: UDP-acetylglucosamine, UDP-acetylgalactosamine",,,,,,,,,
698,,,,isoleucylglutamine,,,,,,isoleucylglutamine,,,
699,,,,lathosterol,,,,,,,,,
700,,,,mead acid (20:3n9),,mead acid (20:3n9),,,,,,,
701,,,,methionylthreonine,,,,,,,,,
702,,,,methionylvaline,,,,,,,,,
703,,,,nonadecanoate (19:0),,,nonadecanoate (19:0),,nonadecanoate (19:0),nonadecanoate (19:0),,nonadecanoate,
704,,,,paraxanthine,,,,,,paraxanthine,Paraxanthine,paraxanthine,
705,,,,pentaethylene glycol,,pentaethylene glycol,,,,,,,
706,,,,phenolphthalein beta-D-glucuronide,,,,,,,,,
707,,,,pseudoephedrine,,,,,,,,,
708,,,,S-lactoylglutathione,,,,,,S-lactoylglutathione,,,
709,,,,S-methylglutathione,,,,,,,,,
710,,,,tetraethylene glycol,,tetraethylene glycol,,,,tetraethylene glycol,,,
711,,,,thiamin diphosphate,,,,,,,,,
712,,,,thymidine 5'-monophosphate,,,,,,,,,
713,,,,tiglyl carnitine,,tiglyl carnitine (C5),,,tiglyl carnitine,,,tiglyl_carnitine,
714,,,,UDP-glucose (isobar with UDP-galactose),,,,,,,,,
715,,,,uridine 5'-triphosphate (UTP),,,,,,,,,
716,,,,valerate,,,,,,,,,
717,,,,,2-oxoisopentanoate,,,,,,,,2-oxoisopentanoate
718,,,,,23-diphosphoglycerate,,,,,,,,"2,3-diphosphoglycerate"
719,,,,,34-dihydroxyphenylalanine(DOPA),,,,,,,,"3,4-dihydroxyphenylalanine(DOPA)"
720,,,,,acetylCoA,,,,,,,,acetylCoA
721,,,,,anthranilate,,,anthranilate,,,,,anthranilate
722,,,,,ATP,,,ATP,,,,adenosine_5'-triphosphate,ATP
723,,,,,cAMP,,,cyclic-AMP,,,,,cAMP
724,,,,,CDP,,,CDP,,,,,CDP
725,,,,,cGMP,,,,,,,,cGMP
726,,,,,CoA,,,,,,,,CoA
727,,,,,CTP,,,,,,,,CTP
728,,,,,cysteinesulfinate,,,,,,,,cysteinesulfinate
729,,,,,cytosine,,,,,,,,cytosine
730,,,,,dATP,,,,,,,,dATP
731,,,,,dCTP,,,,,,,,dCTP
732,,,,,dihydroxyacetonephosphate(DHAP),dihydroxyacetone phosphate (DHAP),,dihydroxyacetone phosphate,,,,,dihydroxyacetonephosphate(DHAP)
733,,,,,dTDP,,,,,,,,dTDP
734,,,,,dTMP,,,dTMP,,,,,dTMP
735,,,,,dTTP,,,,,,,,dTTP
736,,,,,erythrose-4P(E4P),,,,,,,,erythrose-4P(E4P)
737,,,,,fructose-16DP(F16DP),,,,,,,,"fructose-1,6DP(F1,6DP)"
738,,,,,GDP,,,GDP,,,,,GDP
739,,,,,glyoxylate,,,,,,,,glyoxylate
740,,,,,GMP,,,GMP,,,,guanosine_5'-_monophosphate,GMP
741,,,,,GTP,,,,,,,,GTP
742,,,,,iso-citrate,,,isocitrate,,,,isocitrate,iso-citrate
743,,,,,malonylCoA,,,,,,,,malonylCoA
744,,,,,NADP+,,,NADP+,,,,,NADP+
745,,,,,NADPH,,,,,,,,NADPH
746,,,,,PRPP,,,,,,,,PRPP
747,,,,,ribose-5P(R5P),ribose 5-phosphate,,,ribose 5-phosphate,ribose 5-phosphate,,,ribose-5P(R5P)
748,,,,,ribulose-5P(Ru5P),,,,,,,,ribulose-5P(Ru5P)
749,,,,,succinylCoA(suc-CoA),,,,,,,,succinylCoA(suc-CoA)
750,,,,,tyramine,,,,,,,,tyramine
751,,,,,UTP,,,UTP,,,,,UTP
752,,,,,_-glutamyl-2-aminobutyrate(_-Glu-2AB),,,,,,,,_-glutamyl-2-aminobutyrate(_-Glu-2AB)
753,,,,,,1-arachidonoyl-GPI* (20:4)*,,,,,,,
754,,,,,,1-palmitoleoyl-GPC* (16:1)*,,,,,,,
755,,,,,,1-palmitoyl-GPI* (16:0)*,,,,,,,
756,,,,,,1-stearoyl-GPI (18:0),,,,,,,
757,,,,,,2-arachidonoyl-GPC* (20:4)*,,,,,,,
758,,,,,,2-arachidonoyl-GPE* (20:4)*,,,,,,,
759,,,,,,2-docosahexaenoyl-GPC* (22:6)*,,,,,,,
760,,,,,,2-linoleoyl-GPC* (18:2)*,,,,,,,
761,,,,,,2-myristoyl-GPC* (14:0)*,,,,,,,
762,,,,,,2-myristoylglycerophosphoethanolamine*,,,,,,,
763,,,,,,2-oleoyl-GPC* (18:1)*,,,,,,,
764,,,,,,2-oleoyl-GPE* (18:1)*,,,,,,,
765,,,,,,2-palmitoleoyl-GPC* (16:1)*,,,,,,,
766,,,,,,2-palmitoleoyl-GPE* (16:1)*,,,,,,,
767,,,,,,2-palmitoyl-GPC* (16:0)*,,,,,,,
768,,,,,,2-palmitoyl-GPE* (16:0)*,,,,,,,
769,,,,,,3-phosphoserine,,,,,,,
770,,,,,,acetylphosphate,acetylphosphate,,,,,,
771,,,,,,arabinose,arabinose,,,,,,
772,,,,,,betaine aldehyde,,,,,,,
773,,,,,,"carbamazepine 10,11-epoxide*",,,,,,,
774,,,,,,carbamazepine*,,,,,,,
775,,,,,,cysteine sulfinic acid,cysteine sulfinic acid,,,,,,
776,,,,,,CDP-choline,,CDP-choline,,,,,
777,,,,,,dehydroascorbate,dehydroascorbate,,,,,,
778,,,,,,dimethylallyl pyrophosphate (DMAPP),,,,,,,
779,,,,,,diphenhydramine,,,diphenhydramine,,,,
780,,,,,,docosapentaenoate (n6 DPA; 22:5n6),docosapentaenoate (n6 DPA; 22:5n6),,,,,docosapentaenoate (n6 DPA; 22:5n6),
781,,,,,,galactosylsphingosine,,,,,,,
782,,,,,,hydroxyisovaleroylcarnitine (C5),,,,,,,
783,,,,,,"Isobar: 2-propylpentanoic acid, 2-ethylhexanoic acid",,,"Isobar: 2-propylpentanoic acid, 2-ethylhexanoic acid",,,,
784,,,,,,isobutyrylcarnitine (C4),,,,,,,
785,,,,,,levulinate (4-oxovalerate),,,,,,,
786,,,,,,methyl palmitate (15 or 2),,,methyl palmitate (15 or 2),,,,
787,,,,,,3-methylglutaroylcarnitine (C6),,,,,,,
788,,,,,,N-acetylglutamate,N-acetylglutamate,N-acetyl-glutamate,,,,,
789,,,,,,N-acetylhistidine,,,,,,,
790,,,,,,palmitoyl ethanolamide,,,,,,,
791,,,,,,palmitoylcarnitine (C16),,,,,,,
792,,,,,,sphingomyelin,,,,,,,
793,,,,,,succinylcarnitine (C4),,,,,,,
794,,,,,,sucrose,,,,,,,
795,,,,,,triethanolamine,,,,,,,
796,,,,,,trizma acetate,trizma acetate,,,,,,
797,,,,,,undecanoate (11:0),undecanoate (11:0),,undecanoate (11:0),undecanoate (11:0),,,
798,,,,,,,"1,2-dipalmitoylglycerol",,"1,2-dipalmitoylglycerol",,,,
799,,,,,,,"4-androsten-3beta,17beta-diol disulfate 2*",,,,,,
800,,,,,,,5-dodecenoate (12:1n7),,5-dodecenoate (12:1n7),,,,
801,,,,,,,alpha-hydroxyisocaproate,,,,,,
802,,,,,,,biliverdin,,,biliverdin,Biliverdin,,
803,,,,,,,galactitol (dulcitol),,,,,,
804,,,,,,,lignocerate (24:0),,,,,,
805,,,,,,,meprobamate*,,,,,,
806,,,,,,,methylglutaroylcarnitine,,methylglutaroylcarnitine,methylglutaroylcarnitine,,,
807,,,,,,,N-acetylputrescine,,,,,N-acetylputrescine,
808,,,,,,,o-cresol sulfate,,,,,,
809,,,,,,,ofloxacin,,,,Ofloxacin,,
810,,,,,,,orotate,,,,,,
811,,,,,,,oxamate,,,,,,
812,,,,,,,phenylacetate,,,,,,
813,,,,,,,progesterone,,,,,,
814,,,,,,,saccharin,,,,,,
815,,,,,,,taurocholenate sulfate*,,taurocholenate sulfate*,taurocholenate sulfate*,,,
816,,,,,,,thromboxane B2,,,thromboxane B2,,,
817,,,,,,,tricosanoate (23:0),,,,,,
818,,,,,,,,2-Aminooctanoic acid,,,,,
819,,,,,,,,2-dehydro-D-gluconate,,,,,
820,,,,,,,,acetyl-CoA,,,,,
821,,,,,,,,adenosine 5'-phosphosulfate,,,,,
822,,,,,,,,ADP-D-glucose,,,,,
823,,,,,,,,allantoin,,,,,
824,,,,,,,,CDP-ethanolamine,,,,,
825,,,,,,,,cholesteryl sulfate,,,,,
826,,,,,,,,Creatine phosphate,,,,,
827,,,,,,,,cytidine_act,,,,,
828,,,,,,,,D-glucono-delta-lactone-6-phosphate,,,,,
829,,,,,,,,D-glucuronic acid-potential,,,,,
830,,,,,,,,D-glyceraldehdye-3-phosphate,,,,,
831,,,,,,,,D-Mannose/L-Sorbose-potential-1,,,,,
832,,,,,,,,D-sedoheptulose-1/7-phosphate,,,,,
833,,,,,,,,dGDP,,,,,
834,,,,,,,,dGTP,,,,,
835,,,,,,,,"fructose-1,6-bisphosphate",,,,,
836,,,,,,,,IDP,,,,,
838,,,,,,,,indole,,,,,
839,,,,,,,,leucine/isoleucine,,,,,
840,,,,,,,,N-acetyl-glucosamine-1-phosphate,,,,,
841,,,,,,,,shikimate-3-phosphate,,,,,
842,,,,,,,,trehalose/sucrose,,,,,
843,,,,,,,,UDP,,,,uridine_5'-diphosphate,
844,,,,,,,,UDP-D-glucose,,,,,
845,,,,,,,,UDP-N-acetyl-glucosamine,,,,UDP-N-acetylglucosamine,
846,,,,,,,,UMP,,,,uridine_5'-monophosphate,
847,,,,,,,,,1-heptadecanoylglycerol (1-monoheptadecanoin),,,,
848,,,,,,,,,1-myristoylglycerol (1-monomyristin),1-myristoylglycerol (1-monomyristin),,,
849,,,,,,,,,1-pentadecanoylglycerol (1-monopentadecanoin),1-pentadecanoylglycerol (1-monopentadecanoin),,,
850,,,,,,,,,17-methylstearate,17-methylstearate,,,
851,,,,,,,,,2'-deoxycytidine,,,,
852,,,,,,,,,2'-deoxycytidine 5'-monophosphate,,,,
853,,,,,,,,,2-myristoylglycerol (2-monomyristin),2-myristoylglycerol (2-monomyristin),,,
854,,,,,,,,,2-stearoylglycerol (2-monostearin),,,,
855,,,,,,,,,2-stearoylglycerophosphoinositol*,,,,
856,,,,,,,,,5-hydroxyindoleacetate,,,5-hydroxyindoleacetate,
857,,,,,,,,,"9,10-hydroxyoctadec-12(Z)-enoic acid","9,10-hydroxyoctadec-12(Z)-enoic acid",,,
858,,,,,,,,,"adenosine-2',3'-cyclic monophosphate",,,,
859,,,,,,,,,chenodeoxycholate,,,,
860,,,,,,,,,decanoylcarnitine,decanoylcarnitine,,,
861,,,,,,,,,dexpanthenol,dexpanthenol,,,
862,,,,,,,,,gamma-glutamylthreonine*,gamma-glutamylthreonine*,,,
863,,,,,,,,,glycoursodeoxycholate,glycoursodeoxycholate,,,
864,,,,,,,,,hexadecanedioate,hexadecanedioate,,,
865,,,,,,,,,homovanillate sulfate,,,,
866,,,,,,,,,isoleucylleucine,isoleucylleucine,,,
867,,,,,,,,,ketamine,ketamine,,,
868,,,,,,,,,kynurenate,,Kynurenate,,
869,,,,,,,,,lactobionate,,,,
870,,,,,,,,,leucylisoleucine,,,,
871,,,,,,,,,N(1)-acetylspermine,,,,
872,,,,,,,,,N-acetylcysteine,,,,
873,,,,,,,,,"palmitate, methyl ester","palmitate, methyl ester",,,
874,,,,,,,,,prolylleucine,,,,
875,,,,,,,,,raffinose,,,,
876,,,,,,,,,stearamide,stearamide,,,
877,,,,,,,,,taurodeoxycholate,taurodeoxycholate,,,
878,,,,,,,,,tauroursodeoxycholate,,,,
879,,,,,,,,,tetradecanedioate,tetradecanedioate,,,
880,,,,,,,,,thymidine 3'-monophosphate,,,,
881,,,,,,,,,,1-docosahexaenoylglycerol (1-monodocosahexaenoin),,,
882,,,,,,,,,,1-methylhistamine,,,
883,,,,,,,,,,1-stearoylglycerophosphoglycerol,,,
884,,,,,,,,,,2-ethylhexanoate (isobar with 2-propylpentanoate),,,
885,,,,,,,,,,8-hydroxyoctanoate,,,
886,,,,,,,,,,alpha-glutamylvaline,,,
887,,,,,,,,,,guanosine 3'-monophosphate (3'-GMP),,,
888,,,,,,,,,,isovalerylglycine,,,
889,,,,,,,,,,methyl stearate,,,
890,,,,,,,,,,prostaglandin D2,,,
891,,,,,,,,,,,1-Methyladenosine (1mA),,
892,,,,,,,,,,,2'-Deoxyuridine-5'-triphosphate (dUTP),,
893,,,,,,,,,,,"3,4-Dihydroxyphenylethyleneglycol (DOPEG)",,
894,,,,,,,,,,,3-Methyl-2-oxopentanoate,,
895,,,,,,,,,,,"5,6-Dihydrothymine",,
896,,,,,,,,,,,5-Hydroxyindoleacetate (5-HIA),,
897,,,,,,,,,,,5-Sulfosalicylate,,
898,,,,,,,,,,,Acetylcarnitine (ALC; C2 AC),,
899,,,,,,,,,,,b-aminoisobutyrate,,
900,,,,,,,,,,,b-Hydroxybutyrate (BHBA),,
901,,,,,,,,,,,Bicine,,
902,,,,,,,,,,,Biotin,,
903,,,,,,,,,,,Bradykinin,,
904,,,,,,,,,,,Bradykinin hydroxyproline,,
905,,,,,,,,,,,Cadaverine,,
906,,,,,,,,,,,Ciliatine (2-Aminoethylphosphonate),,
907,,,,,,,,,,,Dehydroepiandrosterone sulfate (DHEA-S),,
908,,,,,,,,,,,Deoxyuridine,,
909,,,,,,,,,,,Dihydroxyacetonephosphate (DHAP),,
910,,,,,,,,,,,Dimethylbenzimidazole,,
911,,,,,,,,,,,Ethylmalonate,,
912,,,,,,,,,,,Histidinol,,
913,,,,,,,,,,,Homoserine lactone,,
914,,,,,,,,,,,Hydroxyphenylpyruvate,,
915,,,,,,,,,,,Imidazolelactate,,
916,,,,,,,,,,,Indoxylsulfate,,
917,,,,,,,,,,,Inositol-1-phosphate (I1P),,
918,,,,,,,,,,,"Isobar 1 includes mannose, fructose, glucose, galactose",,
919,,,,,,,,,,,"Isobar 17 includes arginine, N-alpha-acetyl-ornithine",,
920,,,,,,,,,,,"Isobar 18 includes D-fructose 1-phosphate, beta-D-fructose 6-phosphate",,
921,,,,,,,,,,,"Isobar 19 includes D-saccharic acid,1,5-anhydro-D-glucitol",,
922,,,,,,,,,,,"Isobar 2 includes 2-aminoisobutyric acid,3-amino-isobutyrate",,
923,,,,,,,,,,,"Isobar 21 includes gamma-aminobutyryl-L-histidine, L-anserine",,
924,,,,,,,,,,,"Isobar 22 includes glutamic acid, O-acetyl-L-serine",,
925,,,,,,,,,,,"Isobar 24 includes L-arabitol, adonitol",,
926,,,,,,,,,,,"Isobar 28 includes L-threonine, L-allothreonine, L-homoserine",,
927,,,,,,,,,,,"Isobar 29 includes R,S-hydroorotic acid, 5,6-dihydroorotic acid",,
928,,,,,,,,,,,"Isobar 3 includes inositol 1-phosphate, mannose 6-phosphate",,
929,,,,,,,,,,,"Isobar 30 includes maltotetraose, stachyose",,
930,,,,,,,,,,,"Isobar 31 includes 1-kestose,maltotriose, melezitose",,
931,,,,,,,,,,,"Isobar 32 includes N-acetyl-D-glucosamine, N-acetyl-D-mannosamin",,
932,,,,,,,,,,,"Isobar 35 includes D-arabinose 5-phosphate, D-ribulose 5-phosphate",,
933,,,,,,,,,,,"Isobar 4 includes Gluconic acid, DL-arabinose, D-ribose, L-xylose",,
934,,,,,,,,,,,"Isobar 40 includes Maltotetraose, stachyose",,
935,,,,,,,,,,,"Isobar 6 includes valine, betaine",,
936,,,,,,,,,,,Isobar glycochenodeoxycholic acid/glycodeoxycholic acid,,
937,,,,,,,,,,,Methylglutarate,,
938,,,,,,,,,,,N-Acetylgalactosamine,,
939,,,,,,,,,,,N-Acetylglucosaminylamine,,
940,,,,,,,,,,,N-Carbamoylaspartate,,
941,,,,,,,,,,,Octadecanoic acid,,
942,,,,,,,,,,,Orotidine-5'-phosphate,,
943,,,,,,,,,,,Orthophosphate (Pi),,
944,,,,,,,,,,,Oxalate (Ethanedioate),,
945,,,,,,,,,,,Oxoproline,,
946,,,,,,,,,,,Phosphoserine,,
947,,,,,,,,,,,p-Hydroxyphenylacetate (HPA),,
948,,,,,,,,,,,p-Hydroxyphenyllactate (HPLA),,
949,,,,,,,,,,,Picolinate,,
950,,,,,,,,,,,Pyridoxamine,,
951,,,,,,,,,,,Suberate (Octanedioate),,
952,,,,,,,,,,,Sucrose/Maltose,,
953,,,,,,,,,,,Thyroxine,,
954,,,,,,,,,,,Topiramate,,
955,,,,,,,,,,,"trans-2, 3, 4-Trimethoxycinnamate",,
956,,,,,,,,,,,UDP-N-acetylmuraminate (UDP-MurNAc),,
957,,,,,,,,,,,,1-eicosadienoylglycerophosphocholine,
958,,,,,,,,,,,,"1,7-dimethylurate",
959,,,,,,,,,,,,4-vinylphenol_sulfate,
960,,,,,,,,,,,,acetylcholine,
961,,,,,,,,,,,,serotonin,
