"","BLCA","BRCA","BRCATang","KIRC","LGG","OV","PAAD","PAADHussain1","PAADHussain2","PRAD","PRADLODA"
"cytidine 5'-diphosphocholine",NA,-1,NA,1,NA,NA,NA,NA,NA,NA,NA
"threonate",NA,0,NA,1,NA,NA,NA,NA,NA,NA,NA
"erythronate*",NA,0,NA,1,NA,NA,NA,NA,NA,NA,NA
"gamma-glutamylisoleucine*",NA,NA,NA,-1,NA,NA,NA,NA,NA,NA,NA
"galactose",NA,0,NA,1,NA,NA,NA,NA,NA,NA,NA
"ribose",NA,0,NA,-1,NA,NA,NA,NA,NA,NA,NA
"glycylleucine",NA,0,NA,1,NA,NA,NA,NA,NA,NA,NA
"fructose",NA,0,NA,1,NA,NA,NA,NA,NA,NA,NA
"lactate",NA,0,NA,1,NA,NA,NA,NA,NA,NA,NA
"isoleucine",NA,0,NA,1,NA,NA,NA,NA,NA,NA,NA
"trans-4-hydroxyproline",NA,0,NA,1,NA,NA,NA,NA,NA,NA,NA
"tyrosine",NA,0,NA,1,NA,NA,NA,NA,NA,NA,NA
"urea",NA,0,NA,1,NA,NA,NA,NA,NA,NA,NA
"pantothenate",NA,0,NA,1,NA,NA,NA,NA,NA,NA,NA
"arginine",NA,0,NA,1,NA,NA,NA,NA,NA,NA,NA
"sedoheptulose-7-phosphate",NA,NA,NA,NA,NA,NA,NA,NA,NA,NA,NA
"nicotinamide",NA,0,NA,1,NA,NA,NA,NA,NA,NA,NA
"nicotinamide adenine dinucleotide (nad+)",NA,NA,NA,NA,NA,NA,NA,NA,NA,NA,NA
"choline",NA,-1,NA,-1,NA,NA,NA,NA,NA,NA,NA
"stearidonate (18:4n3)",NA,NA,NA,NA,NA,NA,NA,NA,NA,NA,NA
"glycerophosphorylcholine (gpc)",NA,NA,NA,NA,NA,NA,NA,NA,NA,NA,NA
"tryptophan",NA,NA,NA,NA,NA,NA,NA,NA,NA,NA,NA
"2-aminoadipate",NA,NA,NA,NA,NA,NA,NA,NA,NA,NA,NA
"2-palmitoleoylglycerophosphocholine*",NA,NA,NA,NA,NA,NA,NA,NA,NA,NA,NA
"2-hydroxybutyrate (ahb)",NA,NA,NA,NA,NA,NA,NA,NA,NA,NA,NA
"2-linoleoylglycerophosphocholine*",NA,NA,NA,NA,NA,NA,NA,NA,NA,NA,NA
"stachydrine",NA,NA,NA,NA,NA,NA,NA,NA,NA,NA,NA
"adenosine",NA,NA,NA,NA,NA,NA,NA,NA,NA,NA,NA
"isovalerylcarnitine",NA,-1,NA,-1,NA,NA,NA,NA,NA,NA,NA
"citrulline",NA,0,NA,0,NA,NA,NA,NA,NA,NA,NA
"s-adenosylmethionine (sam)",NA,NA,NA,0,NA,NA,NA,NA,NA,NA,NA
"5-methylthioadenosine (mta)",NA,NA,NA,0,NA,NA,NA,NA,NA,NA,NA
"s-adenosylhomocysteine (sah)",NA,0,NA,0,NA,NA,NA,NA,NA,NA,NA
"adenine",NA,NA,NA,0,NA,NA,NA,NA,NA,NA,NA
"homocysteine",NA,NA,NA,0,NA,NA,NA,NA,NA,NA,NA
"2-hydroxyglutarate",NA,NA,NA,0,NA,NA,NA,NA,NA,NA,NA
"guanosine 5'- monophosphate (5'-gmp)",NA,NA,NA,-1,NA,NA,NA,NA,NA,NA,NA
"phenylalanine",NA,0,NA,0,NA,NA,NA,NA,NA,NA,NA
"erythritol",NA,NA,NA,1,NA,NA,NA,NA,NA,NA,NA
"aspartylphenylalanine",NA,NA,NA,1,NA,NA,NA,NA,NA,NA,NA
"laurate (12:0)",NA,0,NA,-1,NA,NA,NA,NA,NA,NA,NA
"ribitol",NA,NA,NA,0,NA,NA,NA,NA,NA,NA,NA
"phenylalanylserine",NA,NA,NA,1,NA,NA,NA,NA,NA,NA,NA
"2-methylbutyroylcarnitine",NA,0,NA,0,NA,NA,NA,NA,NA,NA,NA
"threonine",NA,0,NA,0,NA,NA,NA,NA,NA,NA,NA
"4-hydroxybutyrate (ghb)",NA,NA,NA,1,NA,NA,NA,NA,NA,NA,NA
"mannose",NA,0,NA,0,NA,NA,NA,NA,NA,NA,NA
"leucine",NA,0,NA,1,NA,NA,NA,NA,NA,NA,NA
"uracil",NA,0,NA,1,NA,NA,NA,NA,NA,NA,NA
"caprate (10:0)",NA,NA,NA,-1,NA,NA,NA,NA,NA,NA,NA
"uridine monophosphate (5' or 3')",NA,NA,NA,-1,NA,NA,NA,NA,NA,NA,NA
"glutathione, reduced (gsh)",NA,0,NA,1,NA,NA,NA,NA,NA,NA,NA
"valylglycine",NA,NA,NA,1,NA,NA,NA,NA,NA,NA,NA
"isoleucylalanine",NA,NA,NA,1,NA,NA,NA,NA,NA,NA,NA
"5,6-dihydrouracil",NA,0,NA,1,NA,NA,NA,NA,NA,NA,NA
"citrate",NA,0,NA,1,NA,NA,NA,NA,NA,NA,NA
"5-oxoproline",NA,0,NA,-1,NA,NA,NA,NA,NA,NA,NA
"2'-deoxyguanosine",NA,NA,NA,0,NA,NA,NA,NA,NA,NA,NA
"caproate (6:0)",NA,0,NA,0,NA,NA,NA,NA,NA,NA,NA
"aspartylleucine",NA,NA,NA,1,NA,NA,NA,NA,NA,NA,NA
"pelargonate (9:0)",NA,NA,NA,-1,NA,NA,NA,NA,NA,NA,NA
"alpha-hydroxyisovalerate",NA,NA,NA,1,NA,NA,NA,NA,NA,NA,NA
"glycylisoleucine",NA,NA,NA,1,NA,NA,NA,NA,NA,NA,NA
"sorbitol",NA,0,NA,1,NA,NA,NA,NA,NA,NA,NA
"cysteine",NA,0,NA,0,NA,NA,NA,NA,NA,NA,NA
"heme*",NA,0,NA,1,NA,NA,NA,NA,NA,NA,NA
"gamma-glutamylglutamate",NA,0,NA,0,NA,NA,NA,NA,NA,NA,NA
"valylphenylalanine",NA,NA,NA,1,NA,NA,NA,NA,NA,NA,NA
"valylasparagine",NA,NA,NA,1,NA,NA,NA,NA,NA,NA,NA
"glycolate (hydroxyacetate)",NA,NA,NA,-1,NA,NA,NA,NA,NA,NA,NA
"lidocaine",NA,NA,NA,1,NA,NA,NA,NA,NA,NA,NA
"xanthosine",NA,NA,NA,NA,NA,NA,NA,NA,NA,NA,NA
"succinylcarnitine",NA,NA,NA,NA,NA,NA,NA,NA,NA,NA,NA
"valylvaline",NA,NA,NA,1,NA,NA,NA,NA,NA,NA,NA
"glycylproline",NA,0,NA,1,NA,NA,NA,NA,NA,NA,NA
"fucose",NA,NA,NA,1,NA,NA,NA,NA,NA,NA,NA
"leucylalanine",NA,NA,NA,1,NA,NA,NA,NA,NA,NA,NA
"putrescine",NA,0,NA,1,NA,NA,NA,NA,NA,NA,NA
"vgahageygaealer*",NA,NA,NA,NA,NA,NA,NA,NA,NA,NA,NA
"cysteine-glutathione disulfide",NA,NA,NA,NA,NA,NA,NA,NA,NA,NA,NA
"spermidine",NA,0,NA,1,NA,NA,NA,NA,NA,NA,NA
"xanthine",NA,NA,NA,NA,NA,NA,NA,NA,NA,NA,NA
"2-palmitoylglycerol (2-monopalmitin)",NA,NA,NA,NA,NA,NA,NA,NA,NA,NA,NA
"glucarate (saccharate)",NA,NA,NA,1,NA,NA,NA,NA,NA,NA,NA
"adenosine 2'-monophosphate (2'-amp)",NA,NA,NA,NA,NA,NA,NA,NA,NA,NA,NA
"alanylphenylalanine",NA,NA,NA,1,NA,NA,NA,NA,NA,NA,NA
"inositol 1-phosphate (i1p)",NA,0,NA,-1,NA,NA,NA,NA,NA,NA,NA
"leucylglycine",NA,NA,NA,1,NA,NA,NA,NA,NA,NA,NA
"threonylleucine",NA,NA,NA,1,NA,NA,NA,NA,NA,NA,NA
"serylleucine",NA,NA,NA,1,NA,NA,NA,NA,NA,NA,NA
"leucylglutamate",NA,NA,NA,1,NA,NA,NA,NA,NA,NA,NA
"ribulose",NA,NA,NA,NA,NA,NA,NA,NA,NA,NA,NA
"13-hode + 9-hode",NA,NA,NA,-1,NA,NA,NA,NA,NA,NA,NA
"histidylleucine",NA,NA,NA,1,NA,NA,NA,NA,NA,NA,NA
"n6-carbamoylthreonyladenosine",NA,NA,NA,1,NA,NA,NA,NA,NA,NA,NA
"leucylserine",NA,NA,NA,1,NA,NA,NA,NA,NA,NA,NA
"1-myristoylglycerophosphocholine",NA,NA,NA,NA,NA,NA,NA,NA,NA,NA,NA
"inosine",NA,NA,NA,NA,NA,NA,NA,NA,NA,NA,NA
"n-acetylthreonine",NA,0,NA,1,NA,NA,NA,NA,NA,NA,NA
"glycylphenylalanine",NA,NA,NA,1,NA,NA,NA,NA,NA,NA,NA
"quinate",NA,NA,NA,1,NA,NA,NA,NA,NA,NA,NA
"alanylleucine",NA,NA,NA,1,NA,NA,NA,NA,NA,NA,NA
"isobar: ribulose 5-phosphate, xylulose 5-phosphate",NA,NA,NA,NA,NA,NA,NA,NA,NA,NA,NA
"n-acetylaspartate (naa)",NA,NA,NA,NA,NA,NA,NA,NA,NA,NA,NA
"1-heptadecanoylglycerophosphocholine",NA,NA,NA,-1,NA,NA,NA,NA,NA,NA,NA
"dihydrocholesterol",NA,NA,NA,NA,NA,NA,NA,NA,NA,NA,NA
"3-(4-hydroxyphenyl)lactate",NA,0,NA,1,NA,NA,NA,NA,NA,NA,NA
"c-glycosyltryptophan*",NA,0,NA,1,NA,NA,NA,NA,NA,NA,NA
"acetylcarnitine",NA,0,NA,1,NA,NA,NA,NA,NA,NA,NA
"threonylphenylalanine",NA,NA,NA,1,NA,NA,NA,NA,NA,NA,NA
"1-stearoylglycerophosphoinositol",NA,NA,NA,NA,NA,NA,NA,NA,NA,NA,NA
"1-oleoylglycerol (1-monoolein)",NA,NA,NA,NA,NA,NA,NA,NA,NA,NA,NA
"allo-threonine",NA,0,NA,1,NA,NA,NA,NA,NA,NA,NA
"linolenate [alpha or gamma; (18:3n3 or 6)]",NA,NA,NA,NA,NA,NA,NA,NA,NA,NA,NA
"adenosine 5'-monophosphate (amp)",NA,NA,NA,NA,NA,NA,NA,NA,NA,NA,NA
"1-palmitoylglycerol (1-monopalmitin)",NA,NA,NA,NA,NA,NA,NA,NA,NA,NA,NA
"1-oleoylglycerophosphoethanolamine",NA,NA,NA,NA,NA,NA,NA,NA,NA,NA,NA
"docosapentaenoate (n3 dpa; 22:5n3)",NA,NA,NA,NA,NA,NA,NA,NA,NA,NA,NA
"serylphenyalanine",NA,NA,NA,1,NA,NA,NA,NA,NA,NA,NA
"1,2-propanediol",NA,NA,NA,NA,NA,NA,NA,NA,NA,NA,NA
"1-oleoylglycerophosphocholine",NA,NA,NA,NA,NA,NA,NA,NA,NA,NA,NA
"4-androsten-3beta,17beta-diol disulfate 1*",NA,0,NA,1,NA,NA,NA,NA,NA,NA,NA
"n-acetylglucosamine",NA,NA,NA,NA,NA,NA,NA,NA,NA,NA,NA
"maltotetraose",NA,NA,NA,NA,NA,NA,NA,NA,NA,NA,NA
"2-arachidonoylglycerophosphocholine*",NA,NA,NA,NA,NA,NA,NA,NA,NA,NA,NA
"succinate",NA,NA,NA,NA,NA,NA,NA,NA,NA,NA,NA
"1-arachidonoylglycerophosphoinositol*",NA,NA,NA,NA,NA,NA,NA,NA,NA,NA,NA
"1-palmitoylglycerophosphoinositol*",NA,NA,NA,NA,NA,NA,NA,NA,NA,NA,NA
"uridine",NA,NA,NA,NA,NA,NA,NA,NA,NA,NA,NA
"squalene",NA,NA,NA,NA,NA,NA,NA,NA,NA,NA,NA
"methylphosphate",NA,0,NA,-1,NA,NA,NA,NA,NA,NA,NA
"isobutyrylcarnitine",NA,NA,NA,NA,NA,NA,NA,NA,NA,NA,NA
"glutamine",NA,NA,NA,NA,NA,NA,NA,NA,NA,NA,NA
"linoleate (18:2n6)",NA,NA,NA,NA,NA,NA,NA,NA,NA,NA,NA
"3-dehydrocarnitine*",NA,NA,NA,NA,NA,NA,NA,NA,NA,NA,NA
"n-acetylneuraminate",NA,NA,NA,NA,NA,NA,NA,NA,NA,NA,NA
"carnitine",NA,NA,NA,NA,NA,NA,NA,NA,NA,NA,NA
"1-stearoylglycerol (1-monostearin)",NA,NA,NA,NA,NA,NA,NA,NA,NA,NA,NA
"7-alpha-hydroxy-3-oxo-4-cholestenoate (7-hoca)",NA,NA,NA,NA,NA,NA,NA,NA,NA,NA,NA
"glycerol 3-phosphate (g3p)",NA,NA,NA,NA,NA,NA,NA,NA,NA,NA,NA
"stearate (18:0)",NA,NA,NA,NA,NA,NA,NA,NA,NA,NA,NA
"oleate (18:1n9)",NA,NA,NA,NA,NA,NA,NA,NA,NA,NA,NA
"cis-vaccenate (18:1n7)",NA,NA,NA,NA,NA,NA,NA,NA,NA,NA,NA
"cholesterol",NA,NA,NA,NA,NA,NA,NA,NA,NA,NA,NA
"margarate (17:0)",NA,NA,NA,NA,NA,NA,NA,NA,NA,NA,NA
"ethanolamine",NA,NA,NA,NA,NA,NA,NA,NA,NA,NA,NA
"palmitate (16:0)",NA,NA,NA,NA,NA,NA,NA,NA,NA,NA,NA
"1-pentadecanoylglycerophosphocholine*",NA,NA,NA,-1,NA,NA,NA,NA,NA,NA,NA
"2-docosapentaenoylglycerophosphocholine*",NA,NA,NA,NA,NA,NA,NA,NA,NA,NA,NA
"2-eicosatrienoylglycerophosphocholine*",NA,NA,NA,-1,NA,NA,NA,NA,NA,NA,NA
"2-isopropylmalate",NA,NA,NA,1,NA,NA,NA,NA,NA,NA,NA
"3-hydroxyhippurate",NA,NA,NA,NA,NA,NA,NA,NA,NA,NA,NA
"3-ureidopropionate",NA,NA,NA,1,NA,NA,NA,NA,NA,NA,NA
"5-oxoete",NA,NA,NA,-1,NA,NA,NA,NA,NA,NA,NA
"alanylglutamate",NA,NA,NA,1,NA,NA,NA,NA,NA,NA,NA
"alanylglycine",NA,NA,NA,1,NA,NA,NA,NA,NA,NA,NA
"alanylisoleucine",NA,NA,NA,1,NA,NA,NA,NA,NA,NA,NA
"alanylmethionine",NA,NA,NA,1,NA,NA,NA,NA,NA,NA,NA
"alanylthreonine",NA,NA,NA,1,NA,NA,NA,NA,NA,NA,NA
"alanylvaline",NA,NA,NA,1,NA,NA,NA,NA,NA,NA,NA
"alpha-glutamyltyrosine",NA,NA,NA,1,NA,NA,NA,NA,NA,NA,NA
"arginylleucine",NA,NA,NA,NA,NA,NA,NA,NA,NA,NA,NA
"arginyltyrosine",NA,NA,NA,NA,NA,NA,NA,NA,NA,NA,NA
"aspartyltryptophan",NA,NA,NA,1,NA,NA,NA,NA,NA,NA,NA
"aspartylvaline",NA,NA,NA,1,NA,NA,NA,NA,NA,NA,NA
"cis-aconitate",NA,NA,NA,1,NA,NA,NA,NA,NA,NA,NA
"glycylmethionine",NA,NA,NA,1,NA,NA,NA,NA,NA,NA,NA
"glycyltryptophan",NA,NA,NA,1,NA,NA,NA,NA,NA,NA,NA
"glycyltyrosine",NA,NA,NA,1,NA,NA,NA,NA,NA,NA,NA
"histidylmethionine",NA,NA,NA,1,NA,NA,NA,NA,NA,NA,NA
"histidylphenylalanine",NA,NA,NA,1,NA,NA,NA,NA,NA,NA,NA
"histidyltryptophan",NA,NA,NA,1,NA,NA,NA,NA,NA,NA,NA
"homoserine",NA,NA,NA,1,NA,NA,NA,NA,NA,NA,NA
"isoleucylglycine",NA,NA,NA,1,NA,NA,NA,NA,NA,NA,NA
"isoleucylmethionine",NA,NA,NA,1,NA,NA,NA,NA,NA,NA,NA
"isoleucylphenylalanine",NA,NA,NA,1,NA,NA,NA,NA,NA,NA,NA
"isoleucyltyrosine",NA,NA,NA,1,NA,NA,NA,NA,NA,NA,NA
"leucyltryptophan",NA,NA,NA,1,NA,NA,NA,NA,NA,NA,NA
"lysylmethionine",NA,NA,NA,1,NA,NA,NA,NA,NA,NA,NA
"lysyltyrosine",NA,NA,NA,1,NA,NA,NA,NA,NA,NA,NA
"methionylalanine",NA,NA,NA,1,NA,NA,NA,NA,NA,NA,NA
"methionylasparagine",NA,NA,NA,1,NA,NA,NA,NA,NA,NA,NA
"methionylaspartate",NA,NA,NA,1,NA,NA,NA,NA,NA,NA,NA
"methionylglycine",NA,NA,NA,1,NA,NA,NA,NA,NA,NA,NA
"methionylleucine",NA,NA,NA,1,NA,NA,NA,NA,NA,NA,NA
"phenylalanylalanine",NA,NA,NA,1,NA,NA,NA,NA,NA,NA,NA
"phenylalanylaspartate",NA,NA,NA,1,NA,NA,NA,NA,NA,NA,NA
"phenylalanylglutamate",NA,NA,NA,1,NA,NA,NA,NA,NA,NA,NA
"phenylalanylglycine",NA,NA,NA,1,NA,NA,NA,NA,NA,NA,NA
"phenylalanylmethionine",NA,NA,NA,1,NA,NA,NA,NA,NA,NA,NA
"phenylalanylphenylalanine",NA,NA,NA,1,NA,NA,NA,NA,NA,NA,NA
"phenylalanyltryptophan",NA,NA,NA,1,NA,NA,NA,NA,NA,NA,NA
"phenylalanyltyrosine",NA,NA,NA,1,NA,NA,NA,NA,NA,NA,NA
"phenylalanylvaline",NA,NA,NA,1,NA,NA,NA,NA,NA,NA,NA
"serylisoleucine*",NA,NA,NA,1,NA,NA,NA,NA,NA,NA,NA
"serylvaline",NA,NA,NA,1,NA,NA,NA,NA,NA,NA,NA
"threonylglutamate",NA,NA,NA,1,NA,NA,NA,NA,NA,NA,NA
"threonylmethionine",NA,NA,NA,1,NA,NA,NA,NA,NA,NA,NA
"tryptophylasparagine",NA,NA,NA,1,NA,NA,NA,NA,NA,NA,NA
"tryptophylglutamate",NA,NA,NA,1,NA,NA,NA,NA,NA,NA,NA
"tryptophylleucine",NA,NA,NA,1,NA,NA,NA,NA,NA,NA,NA
"tyrosylalanine",NA,NA,NA,1,NA,NA,NA,NA,NA,NA,NA
"tyrosylglutamine",NA,NA,NA,1,NA,NA,NA,NA,NA,NA,NA
"tyrosylglycine",NA,NA,NA,1,NA,NA,NA,NA,NA,NA,NA
"tyrosylleucine",NA,NA,NA,1,NA,NA,NA,NA,NA,NA,NA
"tyrosylvaline",NA,NA,NA,1,NA,NA,NA,NA,NA,NA,NA
"valylhistidine",NA,NA,NA,1,NA,NA,NA,NA,NA,NA,NA
"valylisoleucine",NA,NA,NA,1,NA,NA,NA,NA,NA,NA,NA
"valylleucine",NA,NA,NA,1,NA,NA,NA,NA,NA,NA,NA
"valyllysine",NA,NA,NA,1,NA,NA,NA,NA,NA,NA,NA
"valyltryptophan",NA,NA,NA,1,NA,NA,NA,NA,NA,NA,NA
"valyltyrosine",NA,NA,NA,1,NA,NA,NA,NA,NA,NA,NA
"xylose",NA,NA,NA,1,NA,NA,NA,NA,NA,NA,NA
"2-ethylhexanoate",NA,NA,NA,0,NA,NA,NA,NA,NA,NA,NA
"methionine",NA,0,NA,0,NA,NA,NA,NA,NA,NA,NA
"gamma-glutamylphenylalanine",NA,NA,NA,0,NA,NA,NA,NA,NA,NA,NA
"cystine",NA,0,NA,0,NA,NA,NA,NA,NA,NA,NA
"gamma-glutamylleucine",NA,0,NA,0,NA,NA,NA,NA,NA,NA,NA
"propionylcarnitine",NA,0,NA,0,NA,NA,NA,NA,NA,NA,NA
"gamma-glutamylvaline",NA,NA,NA,0,NA,NA,NA,NA,NA,NA,NA
"glycylvaline",NA,NA,NA,0,NA,NA,NA,NA,NA,NA,NA
"aspartate-glutamate",NA,NA,NA,0,NA,NA,NA,NA,NA,NA,NA
"isoleucylglutamate",NA,NA,NA,0,NA,NA,NA,NA,NA,NA,NA
"benzoate",NA,NA,NA,0,NA,NA,NA,NA,NA,NA,NA
"asparagine",NA,0,NA,0,NA,NA,NA,NA,NA,NA,NA
"proline",NA,0,NA,0,NA,NA,NA,NA,NA,NA,NA
"myristoleate (14:1n5)",NA,0,NA,0,NA,NA,NA,NA,NA,NA,NA
"n2-methylguanosine",NA,NA,NA,0,NA,NA,NA,NA,NA,NA,NA
"glutathione, oxidized (gssg)",NA,NA,NA,NA,NA,NA,NA,NA,NA,NA,NA
"valine",NA,NA,NA,NA,NA,NA,NA,NA,NA,NA,NA
"valerylcarnitine",NA,NA,NA,NA,NA,NA,NA,NA,NA,NA,NA
"2'-deoxyinosine",NA,NA,NA,NA,NA,NA,NA,NA,NA,NA,NA
"15-methylpalmitate (isobar with 2-methylpalmitate)",NA,NA,NA,NA,NA,NA,NA,NA,NA,NA,NA
"ophthalmate",NA,NA,NA,NA,NA,NA,NA,NA,NA,NA,NA
"dodecanedioate",NA,NA,NA,NA,NA,NA,NA,NA,NA,NA,NA
"glucose 1-phosphate",NA,NA,NA,NA,NA,NA,NA,NA,NA,NA,NA
"myristate (14:0)",NA,NA,NA,NA,NA,NA,NA,NA,NA,NA,NA
"gamma-tocopherol",NA,0,NA,0,NA,NA,NA,NA,NA,NA,NA
"mannose-6-phosphate",NA,NA,NA,NA,NA,NA,NA,NA,NA,NA,NA
"xylitol",NA,NA,NA,NA,NA,NA,NA,NA,NA,NA,NA
"behenate (22:0)",NA,NA,NA,NA,NA,NA,NA,NA,NA,NA,NA
"caprylate (8:0)",NA,NA,NA,NA,NA,NA,NA,NA,NA,NA,NA
"alanylalanine",NA,NA,NA,NA,NA,NA,NA,NA,NA,NA,NA
"alanine",NA,NA,NA,NA,NA,NA,NA,NA,NA,NA,NA
"valylserine",NA,NA,NA,0,NA,NA,NA,NA,NA,NA,NA
"phosphoethanolamine",NA,NA,NA,NA,NA,NA,NA,NA,NA,NA,NA
"serine",NA,NA,NA,NA,NA,NA,NA,NA,NA,NA,NA
"ascorbate (vitamin c)",NA,NA,NA,NA,NA,NA,NA,NA,NA,NA,NA
"hypoxanthine",NA,NA,NA,NA,NA,NA,NA,NA,NA,NA,NA
"glucose-6-phosphate (g6p)",NA,NA,NA,NA,NA,NA,NA,NA,NA,NA,NA
"n1-methylguanosine",NA,NA,NA,NA,NA,NA,NA,NA,NA,NA,NA
"glucose",NA,NA,NA,NA,NA,NA,NA,NA,NA,NA,NA
"thymine",NA,NA,NA,NA,NA,NA,NA,NA,NA,NA,NA
"pseudouridine",NA,NA,NA,NA,NA,NA,NA,NA,NA,NA,NA
"n-acetylmethionine",NA,NA,NA,NA,NA,NA,NA,NA,NA,NA,NA
"taurine",NA,0,NA,0,NA,NA,NA,NA,NA,NA,NA
"cortisone",NA,NA,NA,NA,NA,NA,NA,NA,NA,NA,NA
"1-arachidonoylglycerophosphocholine*",NA,NA,NA,NA,NA,NA,NA,NA,NA,NA,NA
"deoxycarnitine",NA,NA,NA,NA,NA,NA,NA,NA,NA,NA,NA
"isoleucylserine",NA,NA,NA,NA,NA,NA,NA,NA,NA,NA,NA
"butyrylcarnitine",NA,NA,NA,NA,NA,NA,NA,NA,NA,NA,NA
"n-acetyl-aspartyl-glutamate (naag)",NA,NA,NA,NA,NA,NA,NA,NA,NA,NA,NA
"glucuronate",NA,NA,NA,NA,NA,NA,NA,NA,NA,NA,NA
"2-oleoylglycerol (2-monoolein)",NA,NA,NA,NA,NA,NA,NA,NA,NA,NA,NA
"hexanoylcarnitine",NA,NA,NA,NA,NA,NA,NA,NA,NA,NA,NA
"isobar: fructose 1,6-diphosphate, glucose 1,6-diphosphate, myo-inositol 1,4 or 1,3-diphosphate",NA,NA,NA,NA,NA,NA,NA,NA,NA,NA,NA
"2-linoleoylglycerophosphoethanolamine*",NA,NA,NA,NA,NA,NA,NA,NA,NA,NA,NA
"glycerol 2-phosphate",NA,NA,NA,NA,NA,NA,NA,NA,NA,NA,NA
"glycocholate",NA,NA,NA,NA,NA,NA,NA,NA,NA,NA,NA
"2-hydroxypalmitate",NA,NA,NA,NA,NA,NA,NA,NA,NA,NA,NA
"phosphate",NA,NA,NA,NA,NA,NA,NA,NA,NA,NA,NA
"1-methylimidazoleacetate",NA,NA,NA,NA,NA,NA,NA,NA,NA,NA,NA
"n-acetylornithine",NA,NA,NA,NA,NA,NA,NA,NA,NA,NA,NA
"sphinganine",NA,NA,NA,NA,NA,NA,NA,NA,NA,NA,NA
"pro-hydroxy-pro",NA,NA,NA,NA,NA,NA,NA,NA,NA,NA,NA
"cytidine-3'-monophosphate (3'-cmp)",NA,NA,NA,NA,NA,NA,NA,NA,NA,NA,NA
"catechol sulfate",NA,NA,NA,NA,NA,NA,NA,NA,NA,NA,NA
"indolelactate",NA,NA,NA,1,NA,NA,NA,NA,NA,NA,NA
"2-oleoylglycerophosphocholine*",NA,NA,NA,NA,NA,NA,NA,NA,NA,NA,NA
"phenol sulfate",NA,NA,NA,NA,NA,NA,NA,NA,NA,NA,NA
"2-oleoylglycerophosphoethanolamine*",NA,NA,NA,NA,NA,NA,NA,NA,NA,NA,NA
"1-palmitoleoylglycerophosphocholine*",NA,NA,NA,NA,NA,NA,NA,NA,NA,NA,NA
"pregnen-diol disulfate*",NA,NA,NA,1,NA,NA,NA,NA,NA,NA,NA
"agmatine",NA,NA,NA,NA,NA,NA,NA,NA,NA,NA,NA
"methyl-alpha-glucopyranoside",NA,NA,NA,NA,NA,NA,NA,NA,NA,NA,NA
"dehydroisoandrosterone sulfate (dhea-s)",NA,NA,NA,NA,NA,NA,NA,NA,NA,NA,NA
"guanosine",NA,NA,NA,NA,NA,NA,NA,NA,NA,NA,NA
"2-palmitoylglycerophosphocholine*",NA,NA,NA,NA,NA,NA,NA,NA,NA,NA,NA
"2-aminobutyrate",NA,NA,NA,NA,NA,NA,NA,NA,NA,NA,NA
"1-linoleoylglycerophosphoethanolamine*",NA,NA,NA,NA,NA,NA,NA,NA,NA,NA,NA
"eicosenoate (20:1n9 or 11)",NA,NA,NA,NA,NA,NA,NA,NA,NA,NA,NA
"ergothioneine",NA,NA,NA,NA,NA,NA,NA,NA,NA,NA,NA
"adrenate (22:4n6)",NA,NA,NA,NA,NA,NA,NA,NA,NA,NA,NA
"urate",NA,NA,NA,NA,NA,NA,NA,NA,NA,NA,NA
"guanine",NA,NA,NA,NA,NA,NA,NA,NA,NA,NA,NA
"hippurate",NA,NA,NA,NA,NA,NA,NA,NA,NA,NA,NA
"xylonate",NA,NA,NA,NA,NA,NA,NA,NA,NA,NA,NA
"dihomo-linolenate (20:3n3 or n6)",NA,NA,NA,NA,NA,NA,NA,NA,NA,NA,NA
"n1-methyladenosine",NA,NA,NA,NA,NA,NA,NA,NA,NA,NA,NA
"1-linoleoylglycerophosphocholine",NA,NA,NA,NA,NA,NA,NA,NA,NA,NA,NA
"alpha-tocopherol",NA,NA,NA,NA,NA,NA,NA,NA,NA,NA,NA
"pyroglutamine*",NA,NA,NA,NA,NA,NA,NA,NA,NA,NA,NA
"flavin adenine dinucleotide (fad)",NA,NA,NA,NA,NA,NA,NA,NA,NA,NA,NA
"quinolinate",NA,NA,NA,NA,NA,NA,NA,NA,NA,NA,NA
"1-stearoylglycerophosphocholine",NA,NA,NA,NA,NA,NA,NA,NA,NA,NA,NA
"arachidonate (20:4n6)",NA,NA,NA,NA,NA,NA,NA,NA,NA,NA,NA
"3-carboxy-4-methyl-5-propyl-2-furanpropanoate (cmpf)",NA,NA,NA,NA,NA,NA,NA,NA,NA,NA,NA
"adenylosuccinate",NA,NA,NA,-1,NA,NA,NA,NA,NA,NA,NA
"ornithine",NA,NA,NA,NA,NA,NA,NA,NA,NA,NA,NA
"1-stearoylglycerophosphoethanolamine",NA,NA,NA,NA,NA,NA,NA,NA,NA,NA,NA
"arabonate",NA,NA,NA,1,NA,NA,NA,NA,NA,NA,NA
"cytidine 5'-monophosphate (5'-cmp)",NA,NA,NA,NA,NA,NA,NA,NA,NA,NA,NA
"1-linoleoylglycerol (1-monolinolein)",NA,NA,NA,NA,NA,NA,NA,NA,NA,NA,NA
"arabitol",NA,NA,NA,NA,NA,NA,NA,NA,NA,NA,NA
"7-alpha-hydroxycholesterol",NA,NA,NA,NA,NA,NA,NA,NA,NA,NA,NA
"1-palmitoylglycerophosphocholine",NA,NA,NA,NA,NA,NA,NA,NA,NA,NA,NA
"sarcosine (n-methylglycine)",NA,NA,NA,NA,NA,NA,NA,NA,NA,NA,NA
"2-docosapentaenoylglycerophosphoethanolamine*",NA,NA,NA,NA,NA,NA,NA,NA,NA,NA,NA
"glutamate",NA,NA,NA,NA,NA,NA,NA,NA,NA,NA,NA
"pyridoxate",NA,NA,NA,NA,NA,NA,NA,NA,NA,NA,NA
"scyllo-inositol",NA,NA,NA,NA,NA,NA,NA,NA,NA,NA,NA
"sphingosine",NA,NA,NA,NA,NA,NA,NA,NA,NA,NA,NA
"1-palmitoylplasmenylethanolamine*",NA,NA,NA,-1,NA,NA,NA,NA,NA,NA,NA
"octanoylcarnitine",NA,NA,NA,NA,NA,NA,NA,NA,NA,NA,NA
"palmitoyl sphingomyelin",NA,NA,NA,-1,NA,NA,NA,NA,NA,NA,NA
"fumarate",NA,NA,NA,NA,NA,NA,NA,NA,NA,NA,NA
"eicosapentaenoate (epa; 20:5n3)",NA,NA,NA,NA,NA,NA,NA,NA,NA,NA,NA
"nicotinamide ribonucleotide (nmn)",NA,NA,NA,-1,NA,NA,NA,NA,NA,NA,NA
"histamine",NA,NA,NA,NA,NA,NA,NA,NA,NA,NA,NA
"laurylcarnitine",NA,NA,NA,NA,NA,NA,NA,NA,NA,NA,NA
"2-myristoylglycerophosphocholine*",NA,NA,NA,NA,NA,NA,NA,NA,NA,NA,NA
"2-docosahexaenoylglycerophosphoethanolamine*",NA,NA,NA,NA,NA,NA,NA,NA,NA,NA,NA
"1-palmitoylglycerophosphoethanolamine",NA,NA,NA,NA,NA,NA,NA,NA,NA,NA,NA
"dihomo-linoleate (20:2n6)",NA,NA,NA,NA,NA,NA,NA,NA,NA,NA,NA
"10-nonadecenoate (19:1n9)",NA,NA,NA,NA,NA,NA,NA,NA,NA,NA,NA
"beta-alanine",NA,NA,NA,NA,NA,NA,NA,NA,NA,NA,NA
"spermine",NA,NA,NA,NA,NA,NA,NA,NA,NA,NA,NA
"7-beta-hydroxycholesterol",NA,NA,NA,NA,NA,NA,NA,NA,NA,NA,NA
"phenylacetylglutamine",NA,NA,NA,NA,NA,NA,NA,NA,NA,NA,NA
"p-cresol sulfate",NA,NA,NA,NA,NA,NA,NA,NA,NA,NA,NA
"n2,n2-dimethylguanosine",NA,NA,NA,NA,NA,NA,NA,NA,NA,NA,NA
"cytidine",NA,NA,NA,NA,NA,NA,NA,NA,NA,NA,NA
"1-arachidonoylglycerophosphoethanolamine*",NA,NA,NA,NA,NA,NA,NA,NA,NA,NA,NA
"2-palmitoylglycerophosphoethanolamine*",NA,NA,NA,NA,NA,NA,NA,NA,NA,NA,NA
"2-stearoylglycerophosphocholine*",NA,NA,NA,-1,NA,NA,NA,NA,NA,NA,NA
"3-indoxyl sulfate",NA,NA,NA,NA,NA,NA,NA,NA,NA,NA,NA
"3-methylhistidine",NA,NA,NA,NA,NA,NA,NA,NA,NA,NA,NA
"docosahexaenoate (dha; 22:6n3)",NA,NA,NA,NA,NA,NA,NA,NA,NA,NA,NA
"glycolithocholate sulfate*",NA,NA,NA,NA,NA,NA,NA,NA,NA,NA,NA
"kynurenine",NA,NA,NA,NA,NA,NA,NA,NA,NA,NA,NA
"oleoylcarnitine",NA,NA,NA,NA,NA,NA,NA,NA,NA,NA,NA
"pentadecanoate (15:0)",NA,NA,NA,NA,NA,NA,NA,NA,NA,NA,NA
"16-hydroxypalmitate",NA,NA,NA,NA,NA,NA,NA,NA,NA,NA,NA
"1-docosahexaenoylglycerophosphocholine*",NA,NA,NA,-1,NA,NA,NA,NA,NA,NA,NA
"1-heptadecanoylglycerophosphoethanolamine*",NA,NA,NA,NA,NA,NA,NA,NA,NA,NA,NA
"1-methylnicotinamide",NA,NA,NA,NA,NA,NA,NA,NA,NA,NA,NA
"1-myristoylglycerophosphoethanolamine",NA,NA,NA,NA,NA,NA,NA,NA,NA,NA,NA
"1-oleoylglycerophosphoinositol*",NA,NA,NA,NA,NA,NA,NA,NA,NA,NA,NA
"1-oleoylglycerophosphoserine",NA,NA,NA,-1,NA,NA,NA,NA,NA,NA,NA
"1-palmitoleoylglycerophosphoethanolamine*",NA,NA,NA,NA,NA,NA,NA,NA,NA,NA,NA
"2-docosahexaenoylglycerophosphocholine*",NA,NA,NA,-1,NA,NA,NA,NA,NA,NA,NA
"2-oleoylglycerophosphoserine*",NA,NA,NA,NA,NA,NA,NA,NA,NA,NA,NA
"2-stearoylglycerophosphoethanolamine*",NA,NA,NA,NA,NA,NA,NA,NA,NA,NA,NA
"3,4-dihydroxyphenethyleneglycol",NA,NA,NA,NA,NA,NA,NA,NA,NA,NA,NA
"4-hydroxyhippurate",NA,NA,NA,NA,NA,NA,NA,NA,NA,NA,NA
"5-methyltetrahydrofolate (5methf)",NA,NA,NA,NA,NA,NA,NA,NA,NA,NA,NA
"alanyltryptophan",NA,NA,NA,NA,NA,NA,NA,NA,NA,NA,NA
"alanyltyrosine",NA,NA,NA,1,NA,NA,NA,NA,NA,NA,NA
"alpha-glutamylglutamate",NA,NA,NA,NA,NA,NA,NA,NA,NA,NA,NA
"alpha-glutamyltryptophan",NA,NA,NA,0,NA,NA,NA,NA,NA,NA,NA
"alpha-hydroxyisocaproate",NA,NA,NA,NA,NA,NA,NA,NA,NA,NA,NA
"arginylvaline",NA,NA,NA,NA,NA,NA,NA,NA,NA,NA,NA
"cholate",NA,NA,NA,NA,NA,NA,NA,NA,NA,NA,NA
"cis-urocanate",NA,NA,NA,NA,NA,NA,NA,NA,NA,NA,NA
"cytosine-2',3'-cyclic monophosphate",NA,NA,NA,NA,NA,NA,NA,NA,NA,NA,NA
"erucate (22:1n9)",NA,NA,NA,NA,NA,NA,NA,NA,NA,NA,NA
"gamma-glutamylcysteine",NA,NA,NA,NA,NA,NA,NA,NA,NA,NA,NA
"glutarylcarnitine (c5)",NA,NA,NA,NA,NA,NA,NA,NA,NA,NA,NA
"glycyllysine",NA,NA,NA,NA,NA,NA,NA,NA,NA,NA,NA
"glycylthreonine",NA,NA,NA,0,NA,NA,NA,NA,NA,NA,NA
"gulono-1,4-lactone",NA,NA,NA,NA,NA,NA,NA,NA,NA,NA,NA
"histidyltyrosine",NA,NA,NA,NA,NA,NA,NA,NA,NA,NA,NA
"isoleucylarginine",NA,NA,NA,0,NA,NA,NA,NA,NA,NA,NA
"isoleucylhistidine",NA,NA,NA,0,NA,NA,NA,NA,NA,NA,NA
"isoleucylisoleucine",NA,NA,NA,0,NA,NA,NA,NA,NA,NA,NA
"isoleucyltryptophan",NA,NA,NA,0,NA,NA,NA,NA,NA,NA,NA
"isoleucylvaline",NA,NA,NA,0,NA,NA,NA,NA,NA,NA,NA
"leucylarginine",NA,NA,NA,0,NA,NA,NA,NA,NA,NA,NA
"leucylasparagine",NA,NA,NA,0,NA,NA,NA,NA,NA,NA,NA
"leucylhistidine",NA,NA,NA,NA,NA,NA,NA,NA,NA,NA,NA
"leucylleucine",NA,NA,NA,0,NA,NA,NA,NA,NA,NA,NA
"leucylmethionine",NA,NA,NA,NA,NA,NA,NA,NA,NA,NA,NA
"leucylphenylalanine",NA,NA,NA,NA,NA,NA,NA,NA,NA,NA,NA
"leucyltyrosine",NA,NA,NA,NA,NA,NA,NA,NA,NA,NA,NA
"lysylleucine",NA,NA,NA,0,NA,NA,NA,NA,NA,NA,NA
"methionylglutamate",NA,NA,NA,0,NA,NA,NA,NA,NA,NA,NA
"n1-methyl-2-pyridone-5-carboxamide",NA,NA,NA,NA,NA,NA,NA,NA,NA,NA,NA
"n2-acetyllysine",NA,NA,NA,NA,NA,NA,NA,NA,NA,NA,NA
"n-acetylphenylalanine",NA,NA,NA,NA,NA,NA,NA,NA,NA,NA,NA
"nicotinamide riboside*",NA,NA,NA,-1,NA,NA,NA,NA,NA,NA,NA
"phenol red",NA,NA,NA,NA,NA,NA,NA,NA,NA,NA,NA
"phenylalanylarginine",NA,NA,NA,NA,NA,NA,NA,NA,NA,NA,NA
"phenylalanylleucine",NA,NA,NA,1,NA,NA,NA,NA,NA,NA,NA
"phenylalanylproline",NA,NA,NA,1,NA,NA,NA,NA,NA,NA,NA
"prolylglycine",NA,NA,NA,NA,NA,NA,NA,NA,NA,NA,NA
"prolylmethionine",NA,NA,NA,NA,NA,NA,NA,NA,NA,NA,NA
"pyridoxal",NA,NA,NA,NA,NA,NA,NA,NA,NA,NA,NA
"sorbitol 6-phosphate",NA,NA,NA,NA,NA,NA,NA,NA,NA,NA,NA
"tartarate",NA,NA,NA,NA,NA,NA,NA,NA,NA,NA,NA
"taurochenodeoxycholate",NA,NA,NA,NA,NA,NA,NA,NA,NA,NA,NA
"testosterone",NA,NA,NA,NA,NA,NA,NA,NA,NA,NA,NA
"threonylvaline",NA,NA,NA,NA,NA,NA,NA,NA,NA,NA,NA
"trans-urocanate",NA,NA,NA,NA,NA,NA,NA,NA,NA,NA,NA
"tyrosylhistidine",NA,NA,NA,NA,NA,NA,NA,NA,NA,NA,NA
"tyrosyltyrosine",NA,NA,NA,0,NA,NA,NA,NA,NA,NA,NA
"udp-glucose (isobar with udp-galactose)",NA,NA,NA,NA,NA,NA,NA,NA,NA,NA,NA
"valylalanine",NA,NA,NA,0,NA,NA,NA,NA,NA,NA,NA
"valylaspartate",NA,NA,NA,NA,NA,NA,NA,NA,NA,NA,NA
"valylglutamate",NA,NA,NA,0,NA,NA,NA,NA,NA,NA,NA
"valylglutamine",NA,NA,NA,NA,NA,NA,NA,NA,NA,NA,NA
"valylmethionine",NA,NA,NA,0,NA,NA,NA,NA,NA,NA,NA
"vanillylmandelate (vma)",NA,NA,NA,NA,NA,NA,NA,NA,NA,NA,NA
"n-acetylglycine",NA,NA,NA,NA,NA,NA,NA,NA,NA,NA,NA
"n-acetylglucosamine 6-phosphate",NA,NA,NA,NA,NA,NA,NA,NA,NA,NA,NA
"fructose-6-phosphate",NA,NA,NA,NA,NA,NA,NA,NA,NA,NA,NA
"riboflavin (vitamin b2)",NA,NA,NA,NA,NA,NA,NA,NA,NA,NA,NA
"1,5-anhydroglucitol (1,5-ag)",NA,NA,NA,NA,NA,NA,NA,NA,NA,NA,NA
"pyruvate",NA,NA,NA,NA,NA,NA,NA,NA,NA,NA,NA
"mannitol",NA,NA,NA,NA,NA,NA,NA,NA,NA,NA,NA
"histidine",NA,NA,NA,NA,NA,NA,NA,NA,NA,NA,NA
"glycerol",NA,NA,NA,NA,NA,NA,NA,NA,NA,NA,NA
"isobar: fructose 1,6-diphosphate, glucose 1,6-diphosphate",NA,NA,NA,NA,NA,NA,NA,NA,NA,NA,NA
"beta-tocopherol",NA,NA,NA,NA,NA,NA,NA,NA,NA,NA,NA
"threitol",NA,NA,NA,NA,NA,NA,NA,NA,NA,NA,NA
"creatine",NA,NA,NA,NA,NA,NA,NA,NA,NA,NA,NA
"n6-acetyllysine",NA,NA,NA,NA,NA,NA,NA,NA,NA,NA,NA
"dimethylarginine (sdma + adma)",NA,NA,NA,NA,NA,NA,NA,NA,NA,NA,NA
"n-formylmethionine",NA,NA,NA,NA,NA,NA,NA,NA,NA,NA,NA
"stearoylcarnitine",NA,NA,NA,NA,NA,NA,NA,NA,NA,NA,NA
"n-acetylserine",NA,NA,NA,NA,NA,NA,NA,NA,NA,NA,NA
"pregn steroid monosulfate*",NA,NA,NA,NA,NA,NA,NA,NA,NA,NA,NA
"malonylcarnitine",NA,NA,NA,NA,NA,NA,NA,NA,NA,NA,NA
"cystathionine",NA,NA,NA,NA,NA,NA,NA,NA,NA,NA,NA
"bilirubin (z,z)",NA,NA,NA,NA,NA,NA,NA,NA,NA,NA,NA
"n-acetylalanine",NA,NA,NA,NA,NA,NA,NA,NA,NA,NA,NA
"quebrachitol",NA,NA,NA,NA,NA,NA,NA,NA,NA,NA,NA
"methylglutaroylcarnitine",NA,NA,NA,NA,NA,NA,NA,NA,NA,NA,NA
"6'-sialyllactose",NA,NA,NA,NA,NA,NA,NA,NA,NA,NA,NA
"maltose",NA,NA,NA,NA,NA,NA,NA,NA,NA,NA,NA
"glycochenodeoxycholate",NA,NA,NA,NA,NA,NA,NA,NA,NA,NA,NA
"glycerate",NA,NA,NA,NA,NA,NA,NA,NA,NA,NA,NA
"2-palmitoleoylglycerophosphoethanolamine*",NA,NA,NA,NA,NA,NA,NA,NA,NA,NA,NA
"myo-inositol",NA,NA,NA,NA,NA,NA,NA,NA,NA,NA,NA
"glycine",NA,NA,NA,NA,NA,NA,NA,NA,NA,NA,NA
"phytosphingosine",NA,NA,NA,NA,NA,NA,NA,NA,NA,NA,NA
"1,3-dihydroxyacetone",NA,NA,NA,NA,NA,NA,NA,NA,NA,NA,NA
"stearoyl sphingomyelin",NA,NA,NA,NA,NA,NA,NA,NA,NA,NA,NA
"2-arachidonoylglycerophosphoethanolamine*",NA,NA,NA,NA,NA,NA,NA,NA,NA,NA,NA
"s-methylcysteine",NA,NA,NA,NA,NA,NA,NA,NA,NA,NA,NA
"pipecolate",NA,NA,NA,NA,NA,NA,NA,NA,NA,NA,NA
"n-acetylisoleucine",NA,NA,NA,NA,NA,NA,NA,NA,NA,NA,NA
"triethyleneglycol",NA,NA,NA,NA,NA,NA,NA,NA,NA,NA,NA
"arachidate (20:0)",NA,NA,NA,NA,NA,NA,NA,NA,NA,NA,NA
"gluconate",NA,NA,NA,NA,NA,NA,NA,NA,NA,NA,NA
"nicotinamide adenine dinucleotide reduced (nadh)",NA,NA,NA,NA,NA,NA,NA,NA,NA,NA,NA
"phenyllactate (pla)",NA,NA,NA,NA,NA,NA,NA,NA,NA,NA,NA
"5-aminovalerate",NA,NA,NA,NA,NA,NA,NA,NA,NA,NA,NA
"udp-glucuronate",NA,NA,NA,NA,NA,NA,NA,NA,NA,NA,NA
"glutaroyl carnitine",NA,NA,NA,NA,NA,NA,NA,NA,NA,NA,NA
"androsterone sulfate",NA,NA,NA,NA,NA,NA,NA,NA,NA,NA,NA
"4-acetaminophen sulfate",NA,NA,NA,NA,NA,NA,NA,NA,NA,NA,NA
"hypotaurine",NA,NA,NA,NA,NA,NA,NA,NA,NA,NA,NA
"adenosine 3'-monophosphate (3'-amp)",NA,NA,NA,NA,NA,NA,NA,NA,NA,NA,NA
"docosatrienoate (22:3n3)",NA,NA,NA,NA,NA,NA,NA,NA,NA,NA,NA
"betaine",NA,NA,NA,NA,NA,NA,NA,NA,NA,NA,NA
"glycerophosphoethanolamine",NA,NA,NA,NA,NA,NA,NA,NA,NA,NA,NA
"maltotriose",NA,NA,NA,NA,NA,NA,NA,NA,NA,NA,NA
"p-acetamidophenylglucuronide",NA,NA,NA,NA,NA,NA,NA,NA,NA,NA,NA
"phenylpyruvate",NA,NA,NA,NA,NA,NA,NA,NA,NA,NA,NA
"4-hydroxyphenylpyruvate",NA,NA,NA,NA,NA,NA,NA,NA,NA,NA,NA
"theobromine",NA,NA,NA,NA,NA,NA,NA,NA,NA,NA,NA
"malate",NA,NA,NA,NA,NA,NA,NA,NA,NA,NA,NA
"3-hydroxybutyrate (bhba)",NA,NA,NA,NA,NA,NA,NA,NA,NA,NA,NA
"6-phosphogluconate",NA,NA,NA,NA,NA,NA,NA,NA,NA,NA,NA
"creatinine",NA,NA,NA,NA,NA,NA,NA,NA,NA,NA,NA
"piperine",NA,NA,NA,NA,NA,NA,NA,NA,NA,NA,NA
"chiro-inositol",NA,NA,NA,NA,NA,NA,NA,NA,NA,NA,NA
"ac-ser-asp-lys-pro-oh",NA,NA,NA,NA,NA,NA,NA,NA,NA,NA,NA
"docosadienoate (22:2n6)",NA,NA,NA,NA,NA,NA,NA,NA,NA,NA,NA
"3-phosphoglycerate",NA,NA,NA,NA,NA,NA,NA,NA,NA,NA,NA
"gamma-glutamylglutamine",NA,NA,NA,NA,NA,NA,NA,NA,NA,NA,NA
"choline phosphate",NA,NA,NA,NA,NA,NA,NA,NA,NA,NA,NA
"3-(cystein-s-yl)acetaminophen*",NA,NA,NA,NA,NA,NA,NA,NA,NA,NA,NA
"gamma-glutamyltyrosine",NA,NA,NA,NA,NA,NA,NA,NA,NA,NA,NA
"dimethylglycine",NA,NA,NA,NA,NA,NA,NA,NA,NA,NA,NA
"4-guanidinobutanoate",NA,NA,NA,NA,NA,NA,NA,NA,NA,NA,NA
"glutarate (pentanedioate)",NA,NA,NA,NA,NA,NA,NA,NA,NA,NA,NA
"gamma-aminobutyrate (gaba)",NA,NA,NA,NA,NA,NA,NA,NA,NA,NA,NA
"n-ethylglycinexylidide*",NA,NA,NA,NA,NA,NA,NA,NA,NA,NA,NA
"palmitoleate (16:1n7)",NA,NA,NA,NA,NA,NA,NA,NA,NA,NA,NA
"3-aminoisobutyrate",NA,NA,NA,NA,NA,NA,NA,NA,NA,NA,NA
"xylulose",NA,NA,NA,NA,NA,NA,NA,NA,NA,NA,NA
"1-octadecanol",NA,NA,NA,NA,NA,NA,NA,NA,NA,NA,NA
"4-hydroxyphenylacetate",NA,NA,NA,NA,NA,NA,NA,NA,NA,NA,NA
"pyrophosphate (ppi)",NA,NA,NA,NA,NA,NA,NA,NA,NA,NA,NA
"lysine",NA,NA,NA,NA,NA,NA,NA,NA,NA,NA,NA
"glycylglycine",NA,NA,NA,NA,NA,NA,NA,NA,NA,NA,NA
"5-methyluridine (ribothymidine)",NA,NA,NA,NA,NA,NA,NA,NA,NA,NA,NA
"beta-hydroxyisovalerate",NA,NA,NA,NA,NA,NA,NA,NA,NA,NA,NA
"undecanedioate",NA,NA,NA,NA,NA,NA,NA,NA,NA,NA,NA
"heptanoate (7:0)",NA,NA,NA,NA,NA,NA,NA,NA,NA,NA,NA
"argininosuccinate",NA,NA,NA,NA,NA,NA,NA,NA,NA,NA,NA
"2-hydroxystearate",NA,NA,NA,NA,NA,NA,NA,NA,NA,NA,NA
"tryptophan betaine",NA,NA,NA,NA,NA,NA,NA,NA,NA,NA,NA
"2-linoleoylglycerol (2-monolinolein)",NA,NA,NA,NA,NA,NA,NA,NA,NA,NA,NA
"maltopentaose",NA,NA,NA,NA,NA,NA,NA,NA,NA,NA,NA
"myristoylcarnitine",NA,NA,NA,NA,NA,NA,NA,NA,NA,NA,NA
"palmitoylcarnitine",NA,NA,NA,NA,NA,NA,NA,NA,NA,NA,NA
"azelate (nonanedioate)",NA,NA,NA,NA,NA,NA,NA,NA,NA,NA,NA
"hydroxyisovaleroyl carnitine",NA,NA,NA,NA,NA,NA,NA,NA,NA,NA,NA
"glutamate, gamma-methyl ester",NA,NA,NA,NA,NA,NA,NA,NA,NA,NA,NA
"10-heptadecenoate (17:1n7)",NA,NA,NA,NA,NA,NA,NA,NA,NA,NA,NA
"2-phosphoglycerate",NA,NA,NA,NA,NA,NA,NA,NA,NA,NA,NA
"3-methyl-2-oxovalerate",NA,NA,NA,NA,NA,NA,NA,NA,NA,NA,NA
"4-methyl-2-oxopentanoate",NA,NA,NA,NA,NA,NA,NA,NA,NA,NA,NA
"alpha-ketoglutarate",NA,NA,NA,NA,NA,NA,NA,NA,NA,NA,NA
"aspartate",NA,NA,NA,NA,NA,NA,NA,NA,NA,NA,NA
"docosapentaenoate (n6 dpa; 22:5n6)",NA,NA,NA,NA,NA,NA,NA,NA,NA,NA,NA
"maltohexaose",NA,NA,NA,NA,NA,NA,NA,NA,NA,NA,NA
"nonadecanoate (19:0)",NA,NA,NA,NA,NA,NA,NA,NA,NA,NA,NA
"phosphoenolpyruvate (pep)",NA,NA,NA,NA,NA,NA,NA,NA,NA,NA,NA
"1,2-dipalmitoylglycerol",NA,NA,NA,NA,NA,NA,NA,NA,NA,NA,NA
"1,7-dimethylurate",NA,NA,NA,NA,NA,NA,NA,NA,NA,NA,NA
"13-methylmyristic acid",NA,NA,NA,NA,NA,NA,NA,NA,NA,NA,NA
"1-arachidonoyl-gpi* (20:4)*",NA,NA,NA,NA,NA,NA,NA,NA,NA,NA,NA
"1-arachidonylglycerol",NA,NA,NA,NA,NA,NA,NA,NA,NA,NA,NA
"1-eicosadienoylglycerophosphocholine*",NA,NA,NA,NA,NA,NA,NA,NA,NA,NA,NA
"1-eicosatrienoylglycerophosphocholine*",NA,NA,NA,NA,NA,NA,NA,NA,NA,NA,NA
"1-methyladenosine (1ma)",NA,NA,NA,NA,NA,NA,NA,NA,NA,NA,NA
"1-palmitoleoyl-gpc* (16:1)*",NA,NA,NA,NA,NA,NA,NA,NA,NA,NA,NA
"1-palmitoyl-gpi* (16:0)*",NA,NA,NA,NA,NA,NA,NA,NA,NA,NA,NA
"1-stearoyl-gpi (18:0)",NA,NA,NA,NA,NA,NA,NA,NA,NA,NA,NA
"2-arachidonoylglycerophosphoinositol*",NA,NA,NA,NA,NA,NA,NA,NA,NA,NA,NA
"2-arachidonoyl-gpc* (20:4)*",NA,NA,NA,NA,NA,NA,NA,NA,NA,NA,NA
"2-arachidonoyl-gpe* (20:4)*",NA,NA,NA,NA,NA,NA,NA,NA,NA,NA,NA
"2'-deoxyadenosine 3'-monophosphate",NA,NA,NA,NA,NA,NA,NA,NA,NA,NA,NA
"2'-deoxycytidine 3'-monophosphate",NA,NA,NA,NA,NA,NA,NA,NA,NA,NA,NA
"2'-deoxyuridine-5'-triphosphate (dutp)",NA,NA,NA,NA,NA,NA,NA,NA,NA,NA,NA
"2-docosahexaenoyl-gpc* (22:6)*",NA,NA,NA,NA,NA,NA,NA,NA,NA,NA,NA
"2-hydroxyacetaminophen sulfate*",NA,NA,NA,NA,NA,NA,NA,NA,NA,NA,NA
"2-hydroxyhippurate (salicylurate)",NA,NA,NA,NA,NA,NA,NA,NA,NA,NA,NA
"2-hydroxyisobutyrate",NA,NA,NA,NA,NA,NA,NA,NA,NA,NA,NA
"2-linoleoyl-gpc* (18:2)*",NA,NA,NA,NA,NA,NA,NA,NA,NA,NA,NA
"2-methoxyacetaminophen sulfate*",NA,NA,NA,NA,NA,NA,NA,NA,NA,NA,NA
"2-methylmalonyl carnitine",NA,NA,NA,NA,NA,NA,NA,NA,NA,NA,NA
"2-myristoylglycerophosphoethanolamine*",NA,NA,NA,NA,NA,NA,NA,NA,NA,NA,NA
"2-myristoyl-gpc* (14:0)*",NA,NA,NA,NA,NA,NA,NA,NA,NA,NA,NA
"2-oleoylglycerophosphoinositol*",NA,NA,NA,NA,NA,NA,NA,NA,NA,NA,NA
"2-oleoyl-gpc* (18:1)*",NA,NA,NA,NA,NA,NA,NA,NA,NA,NA,NA
"2-oleoyl-gpe* (18:1)*",NA,NA,NA,NA,NA,NA,NA,NA,NA,NA,NA
"2'-o-methylguanosine",NA,NA,NA,NA,NA,NA,NA,NA,NA,NA,NA
"2-palmitoleoyl-gpc* (16:1)*",NA,NA,NA,NA,NA,NA,NA,NA,NA,NA,NA
"2-palmitoleoyl-gpe* (16:1)*",NA,NA,NA,NA,NA,NA,NA,NA,NA,NA,NA
"2-palmitoyl-gpc* (16:0)*",NA,NA,NA,NA,NA,NA,NA,NA,NA,NA,NA
"2-palmitoyl-gpe* (16:0)*",NA,NA,NA,NA,NA,NA,NA,NA,NA,NA,NA
"3-(n-acetyl-l-cystein-s-yl) acetaminophen*",NA,NA,NA,NA,NA,NA,NA,NA,NA,NA,NA
"3,4-dihydroxyphenylethyleneglycol (dopeg)",NA,NA,NA,NA,NA,NA,NA,NA,NA,NA,NA
"3'-dephosphocoenzyme a",NA,NA,NA,NA,NA,NA,NA,NA,NA,NA,NA
"3-hydroxydecanoate",NA,NA,NA,NA,NA,NA,NA,NA,NA,NA,NA
"3-hydroxyoctanoate",NA,NA,NA,NA,NA,NA,NA,NA,NA,NA,NA
"3-methyl-2-oxobutyrate",NA,NA,NA,NA,NA,NA,NA,NA,NA,NA,NA
"3-methyl-2-oxopentanoate",NA,NA,NA,NA,NA,NA,NA,NA,NA,NA,NA
"3-phosphoglycerate (isobar with 2-phosphoglycerate)",NA,NA,NA,NA,NA,NA,NA,NA,NA,NA,NA
"3-phosphoserine",NA,NA,NA,NA,NA,NA,NA,NA,NA,NA,NA
"4-acetamidobutanoate",NA,NA,NA,NA,NA,NA,NA,NA,NA,NA,NA
"4-acetamidophenol",NA,NA,NA,NA,NA,NA,NA,NA,NA,NA,NA
"4-androsten-3beta,17beta-diol disulfate 2*",NA,NA,NA,NA,NA,NA,NA,NA,NA,NA,NA
"4-hydroxyglutamate",NA,NA,NA,NA,NA,NA,NA,NA,NA,NA,NA
"4-nitrophenol",NA,NA,NA,NA,NA,NA,NA,NA,NA,NA,NA
"4-octenedioate",NA,NA,NA,NA,NA,NA,NA,NA,NA,NA,NA
"4-vinylphenol sulfate",NA,NA,NA,NA,NA,NA,NA,NA,NA,NA,NA
"5alpha-pregnan-3beta,20alpha-diol disulfate",NA,NA,NA,NA,NA,NA,NA,NA,NA,NA,NA
"5-dodecenoate (12:1n7)",NA,NA,NA,NA,NA,NA,NA,NA,NA,NA,NA
"5-hete",NA,NA,NA,NA,NA,NA,NA,NA,NA,NA,NA
"5-hydroxyindoleacetate",NA,NA,NA,NA,NA,NA,NA,NA,NA,NA,NA
"5-hydroxyindoleacetate (5-hia)",NA,NA,NA,NA,NA,NA,NA,NA,NA,NA,NA
"5-hydroxytryptophan",NA,NA,NA,NA,NA,NA,NA,NA,NA,NA,NA
"5-sulfosalicylate",NA,NA,NA,NA,NA,NA,NA,NA,NA,NA,NA
"6-keto prostaglandin f1alpha",NA,NA,NA,NA,NA,NA,NA,NA,NA,NA,NA
"acetyl coa",NA,NA,NA,NA,NA,NA,NA,NA,NA,NA,NA
"acetylcarnitine (alc; c2 ac)",NA,NA,NA,NA,NA,NA,NA,NA,NA,NA,NA
"acetylcholine",NA,NA,NA,NA,NA,NA,NA,NA,NA,NA,NA
"acetylphosphate",NA,NA,NA,NA,NA,NA,NA,NA,NA,NA,NA
"adenosine 3',5'-cyclic monophosphate (camp)",NA,NA,NA,NA,NA,NA,NA,NA,NA,NA,NA
"adenosine 5'-diphosphate (adp)",NA,NA,NA,NA,NA,NA,NA,NA,NA,NA,NA
"adenosine 5'diphosphoribose",NA,NA,NA,NA,NA,NA,NA,NA,NA,NA,NA
"adipate",NA,NA,NA,NA,NA,NA,NA,NA,NA,NA,NA
"adsgegdfxaegggvr*",NA,NA,NA,NA,NA,NA,NA,NA,NA,NA,NA
"aica ribonucleotide",NA,NA,NA,NA,NA,NA,NA,NA,NA,NA,NA
"andro steroid monosulfate 1*",NA,NA,NA,NA,NA,NA,NA,NA,NA,NA,NA
"andro steroid monosulfate 2*",NA,NA,NA,NA,NA,NA,NA,NA,NA,NA,NA
"anserine",NA,NA,NA,NA,NA,NA,NA,NA,NA,NA,NA
"arabinose",NA,NA,NA,NA,NA,NA,NA,NA,NA,NA,NA
"arginylmethionine",NA,NA,NA,NA,NA,NA,NA,NA,NA,NA,NA
"arginylphenylalanine",NA,NA,NA,NA,NA,NA,NA,NA,NA,NA,NA
"atenolol",NA,NA,NA,NA,NA,NA,NA,NA,NA,NA,NA
"atp",NA,NA,NA,NA,NA,NA,NA,NA,NA,NA,NA
"b-aminoisobutyrate",NA,NA,NA,NA,NA,NA,NA,NA,NA,NA,NA
"beta-hydroxypyruvate",NA,NA,NA,NA,NA,NA,NA,NA,NA,NA,NA
"betaine aldehyde",NA,NA,NA,NA,NA,NA,NA,NA,NA,NA,NA
"b-hydroxybutyrate (bhba)",NA,NA,NA,NA,NA,NA,NA,NA,NA,NA,NA
"bicine",NA,NA,NA,NA,NA,NA,NA,NA,NA,NA,NA
"bilirubin (e,e)*",NA,NA,NA,NA,NA,NA,NA,NA,NA,NA,NA
"biliverdin",NA,NA,NA,NA,NA,NA,NA,NA,NA,NA,NA
"biotin",NA,NA,NA,NA,NA,NA,NA,NA,NA,NA,NA
"bradykinin",NA,NA,NA,NA,NA,NA,NA,NA,NA,NA,NA
"bradykinin hydroxyproline",NA,NA,NA,NA,NA,NA,NA,NA,NA,NA,NA
"cadaverine",NA,NA,NA,NA,NA,NA,NA,NA,NA,NA,NA
"caffeine",NA,NA,NA,NA,NA,NA,NA,NA,NA,NA,NA
"carbamazepine 10,11-epoxide*",NA,NA,NA,NA,NA,NA,NA,NA,NA,NA,NA
"carbamazepine*",NA,NA,NA,NA,NA,NA,NA,NA,NA,NA,NA
"carnosine",NA,NA,NA,NA,NA,NA,NA,NA,NA,NA,NA
"cdp-choline",NA,NA,NA,NA,NA,NA,NA,NA,NA,NA,NA
"celecoxib",NA,NA,NA,NA,NA,NA,NA,NA,NA,NA,NA
"ciliatine (2-aminoethylphosphonate)",NA,NA,NA,NA,NA,NA,NA,NA,NA,NA,NA
"cinnamoylglycine",NA,NA,NA,NA,NA,NA,NA,NA,NA,NA,NA
"citalopram",NA,NA,NA,NA,NA,NA,NA,NA,NA,NA,NA
"citramalate",NA,NA,NA,NA,NA,NA,NA,NA,NA,NA,NA
"codeine",NA,NA,NA,NA,NA,NA,NA,NA,NA,NA,NA
"coenzyme a",NA,NA,NA,NA,NA,NA,NA,NA,NA,NA,NA
"conjugated linoleate (18:2n7; 9z,11e)",NA,NA,NA,NA,NA,NA,NA,NA,NA,NA,NA
"cortisol",NA,NA,NA,NA,NA,NA,NA,NA,NA,NA,NA
"cysteine sulfinic acid",NA,NA,NA,NA,NA,NA,NA,NA,NA,NA,NA
"cysteinylglycine",NA,NA,NA,NA,NA,NA,NA,NA,NA,NA,NA
"cytidine-5'-diphosphoethanolamine",NA,NA,NA,NA,NA,NA,NA,NA,NA,NA,NA
"dehydroascorbate",NA,NA,NA,NA,NA,NA,NA,NA,NA,NA,NA
"dehydroepiandrosterone sulfate (dhea-s)",NA,NA,NA,NA,NA,NA,NA,NA,NA,NA,NA
"delta-tocopherol",NA,NA,NA,NA,NA,NA,NA,NA,NA,NA,NA
"deoxycholate",NA,NA,NA,NA,NA,NA,NA,NA,NA,NA,NA
"deoxyuridine",NA,NA,NA,NA,NA,NA,NA,NA,NA,NA,NA
"desmethylnaproxen sulfate*",NA,NA,NA,NA,NA,NA,NA,NA,NA,NA,NA
"dihydroxyacetone phosphate (dhap)",NA,NA,NA,NA,NA,NA,NA,NA,NA,NA,NA
"dihydroxyacetonephosphate (dhap)",NA,NA,NA,NA,NA,NA,NA,NA,NA,NA,NA
"dimethylallyl pyrophosphate (dmapp)",NA,NA,NA,NA,NA,NA,NA,NA,NA,NA,NA
"dimethylbenzimidazole",NA,NA,NA,NA,NA,NA,NA,NA,NA,NA,NA
"docosapentaenoate (dpa; 22:5n3)",NA,NA,NA,NA,NA,NA,NA,NA,NA,NA,NA
"epiandrosterone sulfate",NA,NA,NA,NA,NA,NA,NA,NA,NA,NA,NA
"ethylmalonate",NA,NA,NA,NA,NA,NA,NA,NA,NA,NA,NA
"fluoxitine",NA,NA,NA,NA,NA,NA,NA,NA,NA,NA,NA
"fructose 1-phosphate",NA,NA,NA,NA,NA,NA,NA,NA,NA,NA,NA
"gabapentin",NA,NA,NA,NA,NA,NA,NA,NA,NA,NA,NA
"galactitol (dulcitol)",NA,NA,NA,NA,NA,NA,NA,NA,NA,NA,NA
"galactosylsphingosine",NA,NA,NA,NA,NA,NA,NA,NA,NA,NA,NA
"gamma-glutamylalanine",NA,NA,NA,NA,NA,NA,NA,NA,NA,NA,NA
"gamma-glutamylmethionine",NA,NA,NA,NA,NA,NA,NA,NA,NA,NA,NA
"gamma-glutamylmethionine*",NA,NA,NA,NA,NA,NA,NA,NA,NA,NA,NA
"glycocholenate sulfate*",NA,NA,NA,NA,NA,NA,NA,NA,NA,NA,NA
"glycodeoxycholate",NA,NA,NA,NA,NA,NA,NA,NA,NA,NA,NA
"gmp",NA,NA,NA,NA,NA,NA,NA,NA,NA,NA,NA
"guanidinoacetate",NA,NA,NA,NA,NA,NA,NA,NA,NA,NA,NA
"heptaethylene glycol",NA,NA,NA,NA,NA,NA,NA,NA,NA,NA,NA
"hexaethylene glycol",NA,NA,NA,NA,NA,NA,NA,NA,NA,NA,NA
"histidinol",NA,NA,NA,NA,NA,NA,NA,NA,NA,NA,NA
"homocarnosine",NA,NA,NA,NA,NA,NA,NA,NA,NA,NA,NA
"homoserine lactone",NA,NA,NA,NA,NA,NA,NA,NA,NA,NA,NA
"homostachydrine*",NA,NA,NA,NA,NA,NA,NA,NA,NA,NA,NA
"hydrochlorothiazide",NA,NA,NA,NA,NA,NA,NA,NA,NA,NA,NA
"hydroxyisovaleroylcarnitine (c5)",NA,NA,NA,NA,NA,NA,NA,NA,NA,NA,NA
"hydroxyphenylpyruvate",NA,NA,NA,NA,NA,NA,NA,NA,NA,NA,NA
"imidazole propionate",NA,NA,NA,NA,NA,NA,NA,NA,NA,NA,NA
"indoleacetate",NA,NA,NA,NA,NA,NA,NA,NA,NA,NA,NA
"indoxylsulfate",NA,NA,NA,NA,NA,NA,NA,NA,NA,NA,NA
"inosine 5'-monophosphate (imp)",NA,NA,NA,NA,NA,NA,NA,NA,NA,NA,NA
"inositol-1-phosphate (i1p)",NA,NA,NA,NA,NA,NA,NA,NA,NA,NA,NA
"isobar 1 includes mannose, fructose, glucose, galactose",NA,NA,NA,NA,NA,NA,NA,NA,NA,NA,NA
"isobar 17 includes arginine, n-alpha-acetyl-ornithine",NA,NA,NA,NA,NA,NA,NA,NA,NA,NA,NA
"isobar 18 includes d-fructose 1-phosphate, beta-d-fructose 6-phosphate",NA,NA,NA,NA,NA,NA,NA,NA,NA,NA,NA
"isobar 19 includes d-saccharic acid,1,5-anhydro-d-glucitol",NA,NA,NA,NA,NA,NA,NA,NA,NA,NA,NA
"isobar 2 includes 2-aminoisobutyric acid,3-amino-isobutyrate",NA,NA,NA,NA,NA,NA,NA,NA,NA,NA,NA
"isobar 21 includes gamma-aminobutyryl-l-histidine, l-anserine",NA,NA,NA,NA,NA,NA,NA,NA,NA,NA,NA
"isobar 22 includes glutamic acid, o-acetyl-l-serine",NA,NA,NA,NA,NA,NA,NA,NA,NA,NA,NA
"isobar 24 includes l-arabitol, adonitol",NA,NA,NA,NA,NA,NA,NA,NA,NA,NA,NA
"isobar 28 includes l-threonine, l-allothreonine, l-homoserine",NA,NA,NA,NA,NA,NA,NA,NA,NA,NA,NA
"isobar 29 includes r,s-hydroorotic acid, 5,6-dihydroorotic acid",NA,NA,NA,NA,NA,NA,NA,NA,NA,NA,NA
"isobar 3 includes inositol 1-phosphate, mannose 6-phosphate",NA,NA,NA,NA,NA,NA,NA,NA,NA,NA,NA
"isobar 30 includes maltotetraose, stachyose",NA,NA,NA,NA,NA,NA,NA,NA,NA,NA,NA
"isobar 31 includes 1-kestose,maltotriose, melezitose",NA,NA,NA,NA,NA,NA,NA,NA,NA,NA,NA
"isobar 32 includes n-acetyl-d-glucosamine, n-acetyl-d-mannosamin",NA,NA,NA,NA,NA,NA,NA,NA,NA,NA,NA
"isobar 4 includes gluconic acid, dl-arabinose, d-ribose, l-xylose",NA,NA,NA,NA,NA,NA,NA,NA,NA,NA,NA
"isobar 40 includes maltotetraose, stachyose",NA,NA,NA,NA,NA,NA,NA,NA,NA,NA,NA
"isobar 6 includes valine, betaine",NA,NA,NA,NA,NA,NA,NA,NA,NA,NA,NA
"isobar: 2-propylpentanoic acid, 2-ethylhexanoic acid",NA,NA,NA,NA,NA,NA,NA,NA,NA,NA,NA
"isobar: udp-acetylglucosamine, udp-acetylgalactosamine",NA,NA,NA,NA,NA,NA,NA,NA,NA,NA,NA
"isobutyrylcarnitine (c4)",NA,NA,NA,NA,NA,NA,NA,NA,NA,NA,NA
"isocitrate",NA,NA,NA,NA,NA,NA,NA,NA,NA,NA,NA
"isoleucylglutamine",NA,NA,NA,NA,NA,NA,NA,NA,NA,NA,NA
"kynurenate",NA,NA,NA,NA,NA,NA,NA,NA,NA,NA,NA
"lathosterol",NA,NA,NA,NA,NA,NA,NA,NA,NA,NA,NA
"levulinate (4-oxovalerate)",NA,NA,NA,NA,NA,NA,NA,NA,NA,NA,NA
"lignocerate (24:0)",NA,NA,NA,NA,NA,NA,NA,NA,NA,NA,NA
"l-urobilin",NA,NA,NA,NA,NA,NA,NA,NA,NA,NA,NA
"lysyllysine",NA,NA,NA,NA,NA,NA,NA,NA,NA,NA,NA
"malonate (propanedioate)",NA,NA,NA,NA,NA,NA,NA,NA,NA,NA,NA
"mead acid (20:3n9)",NA,NA,NA,NA,NA,NA,NA,NA,NA,NA,NA
"metformin",NA,NA,NA,NA,NA,NA,NA,NA,NA,NA,NA
"methionine sulfoxide",NA,NA,NA,NA,NA,NA,NA,NA,NA,NA,NA
"methionylphenylalanine",NA,NA,NA,NA,NA,NA,NA,NA,NA,NA,NA
"methionylthreonine",NA,NA,NA,NA,NA,NA,NA,NA,NA,NA,NA
"methionylvaline",NA,NA,NA,NA,NA,NA,NA,NA,NA,NA,NA
"methyl palmitate (15 or 2)",NA,NA,NA,NA,NA,NA,NA,NA,NA,NA,NA
"methyl-4-hydroxybenzoate",NA,NA,NA,NA,NA,NA,NA,NA,NA,NA,NA
"methylglutarate",NA,NA,NA,NA,NA,NA,NA,NA,NA,NA,NA
"metoprolol",NA,NA,NA,NA,NA,NA,NA,NA,NA,NA,NA
"metoprolol acid metabolite*",NA,NA,NA,NA,NA,NA,NA,NA,NA,NA,NA
"n-6-trimethyllysine",NA,NA,NA,NA,NA,NA,NA,NA,NA,NA,NA
"n-acetylarginine",NA,NA,NA,NA,NA,NA,NA,NA,NA,NA,NA
"n-acetylasparagine",NA,NA,NA,NA,NA,NA,NA,NA,NA,NA,NA
"n-acetylgalactosamine",NA,NA,NA,NA,NA,NA,NA,NA,NA,NA,NA
"n-acetylglucosaminylamine",NA,NA,NA,NA,NA,NA,NA,NA,NA,NA,NA
"n-acetylglutamate",NA,NA,NA,NA,NA,NA,NA,NA,NA,NA,NA
"n-acetylglutamine",NA,NA,NA,NA,NA,NA,NA,NA,NA,NA,NA
"n-acetylhistidine",NA,NA,NA,NA,NA,NA,NA,NA,NA,NA,NA
"n-acetylleucine",NA,NA,NA,NA,NA,NA,NA,NA,NA,NA,NA
"n-acetylmannosamine",NA,NA,NA,NA,NA,NA,NA,NA,NA,NA,NA
"n-acetylputrescine",NA,NA,NA,NA,NA,NA,NA,NA,NA,NA,NA
"n-acetyltryptophan",NA,NA,NA,NA,NA,NA,NA,NA,NA,NA,NA
"n-acetyltyrosine",NA,NA,NA,NA,NA,NA,NA,NA,NA,NA,NA
"n-acetylvaline",NA,NA,NA,NA,NA,NA,NA,NA,NA,NA,NA
"naproxen",NA,NA,NA,NA,NA,NA,NA,NA,NA,NA,NA
"n-carbamoylaspartate",NA,NA,NA,NA,NA,NA,NA,NA,NA,NA,NA
"nervonate (24:1n9)",NA,NA,NA,NA,NA,NA,NA,NA,NA,NA,NA
"nicotinate",NA,NA,NA,NA,NA,NA,NA,NA,NA,NA,NA
"n-methylglutamate",NA,NA,NA,NA,NA,NA,NA,NA,NA,NA,NA
"o-cresol sulfate",NA,NA,NA,NA,NA,NA,NA,NA,NA,NA,NA
"octadecanoic acid",NA,NA,NA,NA,NA,NA,NA,NA,NA,NA,NA
"ofloxacin",NA,NA,NA,NA,NA,NA,NA,NA,NA,NA,NA
"orotate",NA,NA,NA,NA,NA,NA,NA,NA,NA,NA,NA
"orotidine-5'-phosphate",NA,NA,NA,NA,NA,NA,NA,NA,NA,NA,NA
"orthophosphate (pi)",NA,NA,NA,NA,NA,NA,NA,NA,NA,NA,NA
"oxalate (ethanedioate)",NA,NA,NA,NA,NA,NA,NA,NA,NA,NA,NA
"oxamate",NA,NA,NA,NA,NA,NA,NA,NA,NA,NA,NA
"oxoproline",NA,NA,NA,NA,NA,NA,NA,NA,NA,NA,NA
"palmitoyl ethanolamide",NA,NA,NA,NA,NA,NA,NA,NA,NA,NA,NA
"palmitoylcarnitine (c16)",NA,NA,NA,NA,NA,NA,NA,NA,NA,NA,NA
"paraxanthine",NA,NA,NA,NA,NA,NA,NA,NA,NA,NA,NA
"paroxetine",NA,NA,NA,NA,NA,NA,NA,NA,NA,NA,NA
"penicillin g",NA,NA,NA,NA,NA,NA,NA,NA,NA,NA,NA
"pentaethylene glycol",NA,NA,NA,NA,NA,NA,NA,NA,NA,NA,NA
"phenylacetate",NA,NA,NA,NA,NA,NA,NA,NA,NA,NA,NA
"phenylacetylglycine",NA,NA,NA,NA,NA,NA,NA,NA,NA,NA,NA
"phosphoserine",NA,NA,NA,NA,NA,NA,NA,NA,NA,NA,NA
"p-hydroxyphenyllactate (hpla)",NA,NA,NA,NA,NA,NA,NA,NA,NA,NA,NA
"picolinate",NA,NA,NA,NA,NA,NA,NA,NA,NA,NA,NA
"pivaloylcarnitine",NA,NA,NA,NA,NA,NA,NA,NA,NA,NA,NA
"pregnanediol-3-glucuronide",NA,NA,NA,NA,NA,NA,NA,NA,NA,NA,NA
"prostaglandin a2",NA,NA,NA,NA,NA,NA,NA,NA,NA,NA,NA
"prostaglandin e2",NA,NA,NA,NA,NA,NA,NA,NA,NA,NA,NA
"pseudoephedrine",NA,NA,NA,NA,NA,NA,NA,NA,NA,NA,NA
"pyridoxamine",NA,NA,NA,NA,NA,NA,NA,NA,NA,NA,NA
"pyridoxine (vitamin b6)",NA,NA,NA,NA,NA,NA,NA,NA,NA,NA,NA
"pyroglutamylvaline",NA,NA,NA,NA,NA,NA,NA,NA,NA,NA,NA
"quinidine",NA,NA,NA,NA,NA,NA,NA,NA,NA,NA,NA
"ranitidine",NA,NA,NA,NA,NA,NA,NA,NA,NA,NA,NA
"ribose 5-phosphate",NA,NA,NA,NA,NA,NA,NA,NA,NA,NA,NA
"saccharin",NA,NA,NA,NA,NA,NA,NA,NA,NA,NA,NA
"saccharopine",NA,NA,NA,NA,NA,NA,NA,NA,NA,NA,NA
"salicylate",NA,NA,NA,NA,NA,NA,NA,NA,NA,NA,NA
"sebacate (decanedioate)",NA,NA,NA,NA,NA,NA,NA,NA,NA,NA,NA
"serotonin (5ht)",NA,NA,NA,NA,NA,NA,NA,NA,NA,NA,NA
"s-lactoylglutathione",NA,NA,NA,NA,NA,NA,NA,NA,NA,NA,NA
"s-methylglutathione",NA,NA,NA,NA,NA,NA,NA,NA,NA,NA,NA
"streptomycin",NA,NA,NA,NA,NA,NA,NA,NA,NA,NA,NA
"suberate (octanedioate)",NA,NA,NA,NA,NA,NA,NA,NA,NA,NA,NA
"succinylcarnitine (c4)",NA,NA,NA,NA,NA,NA,NA,NA,NA,NA,NA
"sucrose",NA,NA,NA,NA,NA,NA,NA,NA,NA,NA,NA
"sucrose/maltose",NA,NA,NA,NA,NA,NA,NA,NA,NA,NA,NA
"taurocholate",NA,NA,NA,NA,NA,NA,NA,NA,NA,NA,NA
"taurolithocholate 3-sulfate",NA,NA,NA,NA,NA,NA,NA,NA,NA,NA,NA
"tetraethylene glycol",NA,NA,NA,NA,NA,NA,NA,NA,NA,NA,NA
"thromboxane b2",NA,NA,NA,NA,NA,NA,NA,NA,NA,NA,NA
"thymidine",NA,NA,NA,NA,NA,NA,NA,NA,NA,NA,NA
"thymidine 5'-monophosphate",NA,NA,NA,NA,NA,NA,NA,NA,NA,NA,NA
"thymol sulfate",NA,NA,NA,NA,NA,NA,NA,NA,NA,NA,NA
"thyroxine",NA,NA,NA,NA,NA,NA,NA,NA,NA,NA,NA
"tiglyl carnitine",NA,NA,NA,NA,NA,NA,NA,NA,NA,NA,NA
"topiramate",NA,NA,NA,NA,NA,NA,NA,NA,NA,NA,NA
"tricosanoate (23:0)",NA,NA,NA,NA,NA,NA,NA,NA,NA,NA,NA
"triethanolamine",NA,NA,NA,NA,NA,NA,NA,NA,NA,NA,NA
"trigonelline (n'-methylnicotinate)",NA,NA,NA,NA,NA,NA,NA,NA,NA,NA,NA
"trizma acetate",NA,NA,NA,NA,NA,NA,NA,NA,NA,NA,NA
"tyrosyllysine",NA,NA,NA,NA,NA,NA,NA,NA,NA,NA,NA
"tyrosylphenylalanine",NA,NA,NA,NA,NA,NA,NA,NA,NA,NA,NA
"udp",NA,NA,NA,NA,NA,NA,NA,NA,NA,NA,NA
"udp-n-acetyl-glucosamine",NA,NA,NA,NA,NA,NA,NA,NA,NA,NA,NA
"udp-n-acetylmuraminate (udp-murnac)",NA,NA,NA,NA,NA,NA,NA,NA,NA,NA,NA
"ump",NA,NA,NA,NA,NA,NA,NA,NA,NA,NA,NA
"undecanoate (11:0)",NA,NA,NA,NA,NA,NA,NA,NA,NA,NA,NA
"uridine 5'-triphosphate (utp)",NA,NA,NA,NA,NA,NA,NA,NA,NA,NA,NA
"ursodeoxycholate",NA,NA,NA,NA,NA,NA,NA,NA,NA,NA,NA
"valerate",NA,NA,NA,NA,NA,NA,NA,NA,NA,NA,NA
"valylarginine",NA,NA,NA,NA,NA,NA,NA,NA,NA,NA,NA
"venlafaxine",NA,NA,NA,NA,NA,NA,NA,NA,NA,NA,NA
