"","all.combined.adjusted","tumors.combined.adjusted","normals.combined.adjusted","Significant","Significant_Tumor","Significant_normal","SigNames"
"cytidine 5'-diphosphocholine",0.0016323798,0.0104453806,0.0567763938,5,3,2,"KIRC.Tumor.less;KIRC.Normal.less;BRCA.Tumor.less;OV.Tumor.less;BRCA.Normal.greater"
"threonate",0.0048811195,0.0104453806,0.1632769031,4,3,1,"KIRC.Normal.less;KIRC.Tumor.greater;BRCATang.Tumor.greater;OV.Tumor.greater"
"erythronate*",0.0011569738,0.0144432903,0.0203557292,4,3,1,"KIRC.Tumor.less;KIRC.Normal.less;BRCA.Tumor.less;OV.Tumor.less"
"gamma-glutamylisoleucine*",0.0326466816,0.1598498769,1,4,3,1,"BRCA.Tumor.less;KIRC.Tumor.greater;KIRC.Normal.greater;BRCATang.Tumor.greater"
"galactose",0.0017154955,0.013945346,0.0567763938,3,2,1,"KIRC.Tumor.less;KIRC.Normal.less;BRCA.Tumor.less"
"ribose",0.0200878542,0.0144432903,0.2217557583,3,2,1,"KIRC.Tumor.less;BRCA.Tumor.less;KIRC.Normal.greater"
"glycylleucine",0.0048811195,0.0144432903,0.2140508026,3,2,1,"KIRC.Tumor.less;KIRC.Normal.less;BRCA.Tumor.less"
"fructose",0.0024104635,0.0144432903,0.1665979301,3,2,1,"KIRC.Tumor.less;KIRC.Normal.less;BRCA.Tumor.less"
"lactate",0.0011569738,0.0156848003,0.0203557292,3,2,1,"KIRC.Tumor.less;KIRC.Normal.less;OV.Tumor.less"
"isoleucine",0.005911262,0.0196740061,0.1815124057,3,2,1,"KIRC.Tumor.less;KIRC.Normal.less;BRCA.Tumor.less"
"trans-4-hydroxyproline",0.0017588112,0.0239120161,0.0369874618,3,2,1,"KIRC.Tumor.less;KIRC.Normal.less;OV.Tumor.less"
"tyrosine",0.0157372153,0.0239120161,0.3805838228,3,2,1,"KIRC.Tumor.less;KIRC.Normal.less;BRCA.Tumor.less"
"urea",0.0057412525,0.0294655506,0.1247022153,3,2,1,"KIRC.Tumor.less;KIRC.Normal.less;OV.Tumor.less"
"pantothenate",0.0178444523,0.0345434404,0.2762159854,3,2,1,"KIRC.Tumor.less;KIRC.Normal.less;BRCA.Tumor.less"
"arginine",0.0048811195,0.0389212937,0.0339033963,3,2,1,"KIRC.Tumor.less;KIRC.Normal.less;BRCA.Tumor.less"
"sedoheptulose-7-phosphate",0.0922959448,0.0584052727,1,3,2,1,"KIRC.Tumor.less;BRCA.Tumor.less;KIRC.Normal.greater"
"nicotinamide",0.0140100062,0.0653714339,0.0968628428,3,2,1,"KIRC.Tumor.less;KIRC.Normal.less;OV.Tumor.less"
"nicotinamide adenine dinucleotide (nad+)",0.0654534241,0.0657206504,1,3,2,1,"BRCA.Tumor.less;OV.Tumor.less;KIRC.Normal.greater"
"choline",0.0011756028,0.0892134677,0.0151808939,3,1,2,"KIRC.Tumor.greater;KIRC.Normal.greater;BRCA.Normal.greater"
"stearidonate (18:4n3)",0.1746711163,0.1500303639,0.2217557583,3,2,1,"BRCA.Tumor.less;KIRC.Tumor.greater;KIRC.Normal.greater"
"glycerophosphorylcholine (gpc)",0.2708079356,0.1535438268,0.0203557292,3,2,1,"BRCA.Tumor.less;OV.Tumor.less;KIRC.Normal.greater"
"tryptophan",0.1171574483,0.1598498769,0.3313015615,3,2,1,"KIRC.Tumor.less;KIRC.Normal.less;BRCA.Tumor.less"
"2-aminoadipate",0.2708079356,0.2062509859,0.4999140196,3,2,1,"KIRC.Normal.less;KIRC.Tumor.greater;BRCA.Tumor.greater"
"2-palmitoleoylglycerophosphocholine*",0.2727411104,0.216412961,0.0441850823,3,1,2,"KIRC.Tumor.less;KIRC.Normal.greater;BRCA.Normal.greater"
"2-hydroxybutyrate (ahb)",0.5182174283,0.2217115894,0.2196888296,3,2,1,"KIRC.Normal.less;BRCA.Tumor.greater;BRCATang.Tumor.greater"
"2-linoleoylglycerophosphocholine*",0.2510074343,0.2720844634,0.0203557292,3,1,2,"BRCA.Tumor.less;KIRC.Normal.greater;BRCA.Normal.greater"
"stachydrine",0.2435476015,0.3260538822,0.3581830151,3,2,1,"KIRC.Normal.less;OV.Tumor.less;BRCATang.Tumor.greater"
"adenosine",0.0625797712,0.3542041549,0.0210356244,3,2,1,"OV.Tumor.less;KIRC.Tumor.greater;KIRC.Normal.greater"
"isovalerylcarnitine",0.0438549328,0.4597845282,0.0203557292,3,1,2,"OV.Tumor.less;KIRC.Normal.greater;BRCA.Normal.greater"
"citrulline",0.0017588112,0.0104453806,0.4608940311,2,2,0,"KIRC.Tumor.greater;BRCA.Tumor.greater"
"s-adenosylmethionine (sam)",0.0047635713,0.0104453806,1,2,2,0,"KIRC.Tumor.less;BRCA.Tumor.less"
"5-methylthioadenosine (mta)",0.0048811195,0.0104453806,1,2,2,0,"KIRC.Tumor.less;BRCA.Tumor.less"
"s-adenosylhomocysteine (sah)",0.0031778213,0.0140550023,0.4099615925,2,2,0,"KIRC.Tumor.less;BRCA.Tumor.less"
"adenine",0.0200878542,0.0144432903,1,2,2,0,"KIRC.Tumor.less;BRCA.Tumor.less"
"homocysteine",0.011471087,0.0144432903,1,2,2,0,"KIRC.Tumor.less;BRCA.Tumor.less"
"2-hydroxyglutarate",0.0167329058,0.0144432903,1,2,2,0,"KIRC.Tumor.less;BRCA.Tumor.less"
"guanosine 5'- monophosphate (5'-gmp)",0.0018666001,0.0144432903,1,2,1,1,"KIRC.Tumor.greater;KIRC.Normal.greater"
"phenylalanine",0.012088019,0.0176051636,0.4845188774,2,2,0,"KIRC.Tumor.less;BRCA.Tumor.less"
"erythritol",0.0011569738,0.0182025137,1,2,1,1,"KIRC.Tumor.less;KIRC.Normal.less"
"aspartylphenylalanine",0.0017588112,0.0195676802,1,2,1,1,"KIRC.Tumor.less;KIRC.Normal.less"
"laurate (12:0)",0.0064163233,0.0196740061,0.2344375079,2,1,1,"KIRC.Tumor.greater;KIRC.Normal.greater"
"ribitol",0.0048811195,0.0196740061,1,2,2,0,"KIRC.Tumor.less;OV.Tumor.less"
"phenylalanylserine",0.0011569738,0.0205527628,1,2,1,1,"KIRC.Tumor.less;KIRC.Normal.less"
"2-methylbutyroylcarnitine",0.052706251,0.0243558108,1,2,2,0,"KIRC.Tumor.less;OV.Tumor.less"
"threonine",0.026641212,0.0249004836,0.7299273231,2,2,0,"KIRC.Tumor.less;BRCA.Tumor.less"
"4-hydroxybutyrate (ghb)",0.0011569738,0.0260554886,1,2,1,1,"KIRC.Tumor.less;KIRC.Normal.less"
"mannose",0.0391791285,0.0260554886,0.5291250002,2,2,0,"KIRC.Tumor.less;BRCA.Tumor.less"
"leucine",0.0161075736,0.0273521671,0.3395744361,2,1,1,"KIRC.Tumor.less;KIRC.Normal.less"
"uracil",0.0165998167,0.0284839402,0.2624050163,2,1,1,"KIRC.Tumor.less;KIRC.Normal.less"
"caprate (10:0)",0.011471087,0.0293996661,1,2,1,1,"KIRC.Tumor.greater;KIRC.Normal.greater"
"uridine monophosphate (5' or 3')",0.0017154955,0.02952048,1,2,1,1,"KIRC.Tumor.greater;KIRC.Normal.greater"
"glutathione, reduced (gsh)",0.0111212241,0.02952048,0.2095267638,2,1,1,"KIRC.Tumor.less;KIRC.Normal.less"
"valylglycine",0.0064727016,0.02952048,1,2,1,1,"KIRC.Tumor.less;KIRC.Normal.less"
"isoleucylalanine",0.0053374896,0.0304201429,1,2,1,1,"KIRC.Tumor.less;KIRC.Normal.less"
"5,6-dihydrouracil",0.0034630136,0.0311872365,0.0460571682,2,1,1,"KIRC.Tumor.less;KIRC.Normal.less"
"citrate",0.1138287267,0.0311872365,0.0364305045,2,1,1,"KIRC.Normal.less;KIRC.Tumor.greater"
"5-oxoproline",0.0119980422,0.0352835835,0.2238407276,2,1,1,"KIRC.Tumor.greater;KIRC.Normal.greater"
"2'-deoxyguanosine",0.0316004897,0.0373569612,1,2,2,0,"KIRC.Tumor.less;BRCA.Tumor.less"
"caproate (6:0)",0.0670524937,0.0374134687,0.954471654,2,2,0,"KIRC.Tumor.greater;BRCA.Tumor.greater"
"aspartylleucine",0.0017842023,0.0389212937,1,2,1,1,"KIRC.Tumor.less;KIRC.Normal.less"
"pelargonate (9:0)",0.0038950171,0.0389672018,1,2,1,1,"KIRC.Tumor.greater;KIRC.Normal.greater"
"alpha-hydroxyisovalerate",0.0103075546,0.0407499041,1,2,1,1,"KIRC.Tumor.less;KIRC.Normal.less"
"glycylisoleucine",0.0020372047,0.0443395738,1,2,1,1,"KIRC.Tumor.less;KIRC.Normal.less"
"sorbitol",0.0089437775,0.0459724465,0.1536607381,2,1,1,"KIRC.Normal.less;BRCA.Tumor.less"
"cysteine",0.0653151593,0.0478272073,0.7172913414,2,2,0,"KIRC.Tumor.less;OV.Tumor.less"
"heme*",0.1083193762,0.0487580134,0.3992581111,2,1,1,"KIRC.Normal.less;KIRC.Tumor.greater"
"gamma-glutamylglutamate",0.1420468358,0.0487580134,0.989087722,2,2,0,"KIRC.Tumor.greater;BRCA.Tumor.greater"
"valylphenylalanine",0.0053374896,0.0487580134,1,2,1,1,"KIRC.Tumor.less;KIRC.Normal.less"
"valylasparagine",0.0119980422,0.0584052727,1,2,1,1,"KIRC.Tumor.less;KIRC.Normal.less"
"glycolate (hydroxyacetate)",0.0017588112,0.0618546721,1,2,1,1,"KIRC.Tumor.greater;KIRC.Normal.greater"
"lidocaine",0.0125678663,0.0653714339,1,2,1,1,"KIRC.Tumor.less;KIRC.Normal.less"
"xanthosine",0.1084985841,0.0657206504,0.1254292107,2,1,1,"KIRC.Tumor.less;BRCA.Normal.greater"
"succinylcarnitine",0.0502288642,0.0657206504,0.4845188774,2,2,0,"KIRC.Tumor.less;OV.Tumor.less"
"valylvaline",0.0200878542,0.0691106138,1,2,1,1,"KIRC.Tumor.less;KIRC.Normal.less"
"glycylproline",0.0213932859,0.0691106138,0.0946023475,2,1,1,"KIRC.Tumor.less;KIRC.Normal.less"
"fucose",0.0034380752,0.0691106138,1,2,1,1,"KIRC.Tumor.less;KIRC.Normal.less"
"leucylalanine",0.0120219399,0.0691106138,1,2,1,1,"KIRC.Tumor.less;KIRC.Normal.less"
"putrescine",0.0208203585,0.0691106138,0.0877549132,2,1,1,"KIRC.Tumor.less;KIRC.Normal.less"
"vgahageygaealer*",0.0501056532,0.0724334618,1,2,2,0,"KIRC.Tumor.greater;BRCATang.Tumor.greater"
"cysteine-glutathione disulfide",0.1472188619,0.0809796194,0.9926266418,2,2,0,"KIRC.Tumor.less;OV.Tumor.less"
"spermidine",0.0055654927,0.0870267875,0.0203557292,2,1,1,"KIRC.Tumor.less;KIRC.Normal.less"
"xanthine",0.3241274507,0.0887772367,0.3805838228,2,1,1,"KIRC.Tumor.less;KIRC.Normal.greater"
"2-palmitoylglycerol (2-monopalmitin)",0.2336396299,0.0943966313,1,2,1,1,"BRCA.Tumor.less;KIRC.Normal.greater"
"glucarate (saccharate)",0.005616223,0.0988235218,1,2,1,1,"KIRC.Tumor.less;KIRC.Normal.less"
"adenosine 2'-monophosphate (2'-amp)",0.1934389375,0.1012951063,1,2,1,1,"BRCA.Tumor.less;KIRC.Normal.greater"
"alanylphenylalanine",0.0046982795,0.1012951063,1,2,1,1,"KIRC.Tumor.less;KIRC.Normal.less"
"inositol 1-phosphate (i1p)",0.0103977977,0.1047255412,0.0203557292,2,1,1,"KIRC.Tumor.greater;KIRC.Normal.greater"
"leucylglycine",0.0214789415,0.1151830102,1,2,1,1,"KIRC.Tumor.less;KIRC.Normal.less"
"threonylleucine",0.0178444523,0.1262914472,1,2,1,1,"KIRC.Tumor.less;KIRC.Normal.less"
"serylleucine",0.0058211733,0.1266871365,1,2,1,1,"KIRC.Tumor.less;KIRC.Normal.less"
"leucylglutamate",0.0165998167,0.1271398492,1,2,1,1,"KIRC.Tumor.less;KIRC.Normal.less"
"ribulose",0.1628177929,0.1376053091,1,2,1,1,"BRCA.Tumor.less;KIRC.Normal.greater"
"13-hode + 9-hode",0.0168170642,0.1455982544,1,2,1,1,"KIRC.Tumor.greater;KIRC.Normal.greater"
"histidylleucine",0.0409725706,0.1562336928,1,2,1,1,"KIRC.Tumor.less;KIRC.Normal.less"
"n6-carbamoylthreonyladenosine",0.0418267417,0.1616923466,1,2,1,1,"KIRC.Tumor.less;KIRC.Normal.less"
"leucylserine",0.0208203585,0.1616923466,1,2,1,1,"KIRC.Tumor.less;KIRC.Normal.less"
"1-myristoylglycerophosphocholine",0.1275745529,0.1627715585,1,2,1,1,"KIRC.Tumor.less;KIRC.Normal.greater"
"inosine",0.2485269749,0.1649691006,0.0203557292,2,1,1,"OV.Tumor.less;KIRC.Normal.greater"
"n-acetylthreonine",0.042265453,0.166107127,0.0723657803,2,1,1,"KIRC.Tumor.less;KIRC.Normal.less"
"glycylphenylalanine",0.0064163233,0.1730569612,1,2,1,1,"KIRC.Tumor.less;KIRC.Normal.less"
"quinate",0.0237991692,0.2056871651,1,2,1,1,"KIRC.Tumor.less;KIRC.Normal.less"
"alanylleucine",0.0120219399,0.207442154,1,2,1,1,"KIRC.Tumor.less;KIRC.Normal.less"
"isobar: ribulose 5-phosphate, xylulose 5-phosphate",0.2485269749,0.2194576776,1,2,1,1,"BRCA.Tumor.less;KIRC.Normal.greater"
"n-acetylaspartate (naa)",0.4481274974,0.2217115894,1,2,1,1,"BRCA.Tumor.less;KIRC.Normal.greater"
"1-heptadecanoylglycerophosphocholine",0.0375167876,0.230331677,1,2,1,1,"KIRC.Tumor.less;KIRC.Normal.greater"
"dihydrocholesterol",0.0528392107,0.2338565157,1,2,1,1,"KIRC.Tumor.less;KIRC.Normal.greater"
"3-(4-hydroxyphenyl)lactate",0.025928581,0.236297844,0.0329221221,2,1,1,"KIRC.Tumor.less;KIRC.Normal.less"
"c-glycosyltryptophan*",0.0103075546,0.2720844634,0.0203557292,2,1,1,"KIRC.Tumor.less;KIRC.Normal.less"
"acetylcarnitine",0.0356968744,0.3049848695,0.0329221221,2,1,1,"KIRC.Tumor.less;KIRC.Normal.less"
"threonylphenylalanine",0.0310459866,0.3049848695,1,2,1,1,"KIRC.Tumor.less;KIRC.Normal.less"
"1-stearoylglycerophosphoinositol",0.3622501016,0.3049848695,0.0329221221,2,1,1,"KIRC.Tumor.less;KIRC.Normal.greater"
"1-oleoylglycerol (1-monoolein)",0.1401097591,0.3143777108,1,2,1,1,"BRCA.Tumor.less;KIRC.Normal.greater"
"allo-threonine",0.0194192355,0.3143777108,0.0351647229,2,1,1,"KIRC.Normal.less;BRCA.Tumor.less"
"linolenate [alpha or gamma; (18:3n3 or 6)]",0.167313965,0.3143777108,0.2238407276,2,1,1,"KIRC.Tumor.greater;KIRC.Normal.greater"
"adenosine 5'-monophosphate (amp)",0.2853991882,0.3147428154,1,2,2,0,"BRCA.Tumor.less;KIRC.Tumor.greater"
"1-palmitoylglycerol (1-monopalmitin)",0.2413487123,0.3202367425,0.0203557292,2,1,1,"BRCA.Tumor.less;KIRC.Normal.greater"
"1-oleoylglycerophosphoethanolamine",0.587711885,0.3222137072,1,2,1,1,"BRCA.Tumor.less;KIRC.Normal.greater"
"docosapentaenoate (n3 dpa; 22:5n3)",0.2708079356,0.3222137072,0.0369874618,2,1,1,"BRCA.Tumor.less;KIRC.Normal.greater"
"serylphenyalanine",0.0188641134,0.3222137072,1,2,1,1,"KIRC.Tumor.less;KIRC.Normal.less"
"1,2-propanediol",0.1707775231,0.3320111176,1,2,1,1,"KIRC.Tumor.less;KIRC.Normal.less"
"1-oleoylglycerophosphocholine",0.274443243,0.3385229859,0.0203557292,2,1,1,"KIRC.Tumor.less;KIRC.Normal.greater"
"4-androsten-3beta,17beta-diol disulfate 1*",0.0400693551,0.3542041549,0.0223639126,2,1,1,"KIRC.Tumor.less;KIRC.Normal.less"
"n-acetylglucosamine",0.6101618259,0.3542041549,0.4621403111,2,1,1,"BRCA.Tumor.less;BRCA.Normal.greater"
"maltotetraose",0.5182174283,0.360209982,0.1025689157,2,1,1,"OV.Tumor.less;KIRC.Normal.greater"
"2-arachidonoylglycerophosphocholine*",0.5182174283,0.3617413185,0.0351647229,2,1,1,"KIRC.Tumor.less;KIRC.Normal.greater"
"succinate",0.4828956445,0.4060726375,0.8612487463,2,2,0,"KIRC.Tumor.less;BRCATang.Tumor.greater"
"1-arachidonoylglycerophosphoinositol*",0.706441057,0.4138814868,0.0731931584,2,1,1,"BRCATang.Tumor.less;KIRC.Normal.greater"
"1-palmitoylglycerophosphoinositol*",0.6798353088,0.4284913758,1,2,1,1,"KIRC.Tumor.less;KIRC.Normal.greater"
"uridine",0.1850249615,0.4320623369,0.0203557292,2,0,2,"KIRC.Normal.greater;BRCA.Normal.greater"
"squalene",0.5360943498,0.4384515609,0.1853624991,2,1,1,"BRCA.Tumor.less;KIRC.Normal.greater"
"methylphosphate",0.0390414956,0.4737817273,0.0210356244,2,1,1,"KIRC.Tumor.greater;KIRC.Normal.greater"
"isobutyrylcarnitine",0.6798353088,0.4816902987,0.3258141245,2,1,1,"KIRC.Tumor.less;BRCA.Normal.greater"
"glutamine",0.3062323841,0.5044303032,0.1025689157,2,1,1,"KIRC.Normal.less;BRCA.Tumor.greater"
"linoleate (18:2n6)",0.0645291461,0.5058255124,0.0329221221,2,1,1,"KIRC.Tumor.greater;KIRC.Normal.greater"
"3-dehydrocarnitine*",0.7406126732,0.5058255124,1,2,2,0,"KIRC.Tumor.less;BRCATang.Tumor.greater"
"n-acetylneuraminate",0.491576128,0.5228615218,0.0943110617,2,1,1,"KIRC.Normal.less;KIRC.Tumor.greater"
"carnitine",0.081935268,0.5690680275,0.0203557292,2,1,1,"OV.Tumor.less;KIRC.Normal.greater"
"1-stearoylglycerol (1-monostearin)",0.1083193762,0.5699044635,0.0203557292,2,1,1,"BRCA.Tumor.less;KIRC.Normal.greater"
"7-alpha-hydroxy-3-oxo-4-cholestenoate (7-hoca)",0.0653070563,0.5746873825,0.0670742121,2,1,1,"KIRC.Tumor.less;KIRC.Normal.less"
"glycerol 3-phosphate (g3p)",0.1060428249,0.591069641,0.0203557292,2,1,1,"OV.Tumor.less;KIRC.Normal.greater"
"stearate (18:0)",0.2031668262,0.632787258,0.0931929132,2,1,1,"KIRC.Tumor.greater;KIRC.Normal.greater"
"oleate (18:1n9)",0.0502799569,0.6692442535,0.0203557292,2,1,1,"KIRC.Tumor.greater;KIRC.Normal.greater"
"cis-vaccenate (18:1n7)",0.2921852147,0.7551797893,0.0378762227,2,1,1,"BRCA.Tumor.less;KIRC.Normal.greater"
"cholesterol",0.2553546917,0.7674573678,0.0558601312,2,1,1,"BRCA.Tumor.less;KIRC.Normal.greater"
"margarate (17:0)",0.0999225402,0.7969415555,0.0203557292,2,1,1,"KIRC.Tumor.greater;KIRC.Normal.greater"
"ethanolamine",0.1838912329,0.9048954473,0.0203557292,2,0,2,"KIRC.Normal.greater;BRCA.Normal.greater"
"palmitate (16:0)",0.3816693725,0.9317722858,0.1196700222,2,1,1,"KIRC.Tumor.greater;KIRC.Normal.greater"
"1-pentadecanoylglycerophosphocholine*",0.0178444523,1,1,2,1,1,"KIRC.Tumor.less;KIRC.Normal.greater"
"2-docosapentaenoylglycerophosphocholine*",0.0748660736,1,1,2,1,1,"KIRC.Tumor.less;KIRC.Normal.greater"
"2-eicosatrienoylglycerophosphocholine*",0.0486291666,1,1,2,1,1,"KIRC.Tumor.less;KIRC.Normal.greater"
"2-isopropylmalate",0.0058211733,1,1,2,1,1,"KIRC.Tumor.less;KIRC.Normal.less"
"3-hydroxyhippurate",0.0501056532,1,1,2,1,1,"KIRC.Normal.less;BRCATang.Tumor.less"
"3-ureidopropionate",0.0047636343,1,1,2,1,1,"KIRC.Tumor.less;KIRC.Normal.less"
"5-oxoete",0.0448344116,1,1,2,1,1,"KIRC.Tumor.greater;KIRC.Normal.greater"
"alanylglutamate",0.0048811195,1,1,2,1,1,"KIRC.Tumor.less;KIRC.Normal.less"
"alanylglycine",0.0011569738,1,1,2,1,1,"KIRC.Tumor.less;KIRC.Normal.less"
"alanylisoleucine",0.0011569738,1,1,2,1,1,"KIRC.Tumor.less;KIRC.Normal.less"
"alanylmethionine",0.0034380752,1,1,2,1,1,"KIRC.Tumor.less;KIRC.Normal.less"
"alanylthreonine",0.0178444523,1,1,2,1,1,"KIRC.Tumor.less;KIRC.Normal.less"
"alanylvaline",0.0157372153,1,1,2,1,1,"KIRC.Tumor.less;KIRC.Normal.less"
"alpha-glutamyltyrosine",0.0356968744,1,1,2,1,1,"KIRC.Tumor.less;KIRC.Normal.less"
"arginylleucine",0.0872847071,1,1,2,1,1,"KIRC.Tumor.less;KIRC.Normal.less"
"arginyltyrosine",0.07518108,1,1,2,1,1,"KIRC.Tumor.less;KIRC.Normal.less"
"aspartyltryptophan",0.0048811195,1,1,2,1,1,"KIRC.Tumor.less;KIRC.Normal.less"
"aspartylvaline",0.0034380752,1,1,2,1,1,"KIRC.Tumor.less;KIRC.Normal.less"
"cis-aconitate",0.0178444523,1,1,2,1,1,"KIRC.Normal.less;KIRC.Tumor.greater"
"glycylmethionine",0.0057412525,1,1,2,1,1,"KIRC.Tumor.less;KIRC.Normal.less"
"glycyltryptophan",0.0017154955,1,1,2,1,1,"KIRC.Tumor.less;KIRC.Normal.less"
"glycyltyrosine",0.0049763171,1,1,2,1,1,"KIRC.Tumor.less;KIRC.Normal.less"
"histidylmethionine",0.0048811195,1,1,2,1,1,"KIRC.Tumor.less;KIRC.Normal.less"
"histidylphenylalanine",0.0063659005,1,1,2,1,1,"KIRC.Tumor.less;KIRC.Normal.less"
"histidyltryptophan",0.0017154955,1,1,2,1,1,"KIRC.Tumor.less;KIRC.Normal.less"
"homoserine",0.0034380752,1,1,2,1,1,"KIRC.Tumor.less;KIRC.Normal.less"
"isoleucylglycine",0.0025764701,1,1,2,1,1,"KIRC.Tumor.less;KIRC.Normal.less"
"isoleucylmethionine",0.0040983912,1,1,2,1,1,"KIRC.Tumor.less;KIRC.Normal.less"
"isoleucylphenylalanine",0.0021157575,1,1,2,1,1,"KIRC.Tumor.less;KIRC.Normal.less"
"isoleucyltyrosine",0.0120219399,1,1,2,1,1,"KIRC.Tumor.less;KIRC.Normal.less"
"leucyltryptophan",0.0020372047,1,1,2,1,1,"KIRC.Tumor.less;KIRC.Normal.less"
"lysylmethionine",0.0025764701,1,1,2,1,1,"KIRC.Tumor.less;KIRC.Normal.less"
"lysyltyrosine",0.0040983912,1,1,2,1,1,"KIRC.Tumor.less;KIRC.Normal.less"
"methionylalanine",0.0165998167,1,1,2,1,1,"KIRC.Tumor.less;KIRC.Normal.less"
"methionylasparagine",0.0038526087,1,1,2,1,1,"KIRC.Tumor.less;KIRC.Normal.less"
"methionylaspartate",0.0273927948,1,1,2,1,1,"KIRC.Tumor.less;KIRC.Normal.less"
"methionylglycine",0.0031778213,1,1,2,1,1,"KIRC.Tumor.less;KIRC.Normal.less"
"methionylleucine",0.0062216248,1,1,2,1,1,"KIRC.Tumor.less;KIRC.Normal.less"
"phenylalanylalanine",0.0011569738,1,1,2,1,1,"KIRC.Tumor.less;KIRC.Normal.less"
"phenylalanylaspartate",0.0017588112,1,1,2,1,1,"KIRC.Tumor.less;KIRC.Normal.less"
"phenylalanylglutamate",0.0011569738,1,1,2,1,1,"KIRC.Tumor.less;KIRC.Normal.less"
"phenylalanylglycine",0.0017588112,1,1,2,1,1,"KIRC.Tumor.less;KIRC.Normal.less"
"phenylalanylmethionine",0.010822688,1,1,2,1,1,"KIRC.Tumor.less;KIRC.Normal.less"
"phenylalanylphenylalanine",0.0114115459,1,1,2,1,1,"KIRC.Tumor.less;KIRC.Normal.less"
"phenylalanyltryptophan",0.0111212241,1,1,2,1,1,"KIRC.Tumor.less;KIRC.Normal.less"
"phenylalanyltyrosine",0.0101619464,1,1,2,1,1,"KIRC.Tumor.less;KIRC.Normal.less"
"phenylalanylvaline",0.0017588112,1,1,2,1,1,"KIRC.Tumor.less;KIRC.Normal.less"
"serylisoleucine*",0.0011756028,1,1,2,1,1,"KIRC.Tumor.less;KIRC.Normal.less"
"serylvaline",0.0211470952,1,1,2,1,1,"KIRC.Tumor.less;KIRC.Normal.less"
"threonylglutamate",0.0062639191,1,1,2,1,1,"KIRC.Tumor.less;KIRC.Normal.less"
"threonylmethionine",0.0053105224,1,1,2,1,1,"KIRC.Tumor.less;KIRC.Normal.less"
"tryptophylasparagine",0.0034380752,1,1,2,1,1,"KIRC.Tumor.less;KIRC.Normal.less"
"tryptophylglutamate",0.0011569738,1,1,2,1,1,"KIRC.Tumor.less;KIRC.Normal.less"
"tryptophylleucine",0.0191406406,1,1,2,1,1,"KIRC.Tumor.less;KIRC.Normal.less"
"tyrosylalanine",0.0011569738,1,1,2,1,1,"KIRC.Tumor.less;KIRC.Normal.less"
"tyrosylglutamine",0.0038526087,1,1,2,1,1,"KIRC.Tumor.less;KIRC.Normal.less"
"tyrosylglycine",0.0017588112,1,1,2,1,1,"KIRC.Tumor.less;KIRC.Normal.less"
"tyrosylleucine",0.0011569738,1,1,2,1,1,"KIRC.Tumor.less;KIRC.Normal.less"
"tyrosylvaline",0.0048811195,1,1,2,1,1,"KIRC.Tumor.less;KIRC.Normal.less"
"valylhistidine",0.0083292077,1,1,2,1,1,"KIRC.Tumor.less;KIRC.Normal.less"
"valylisoleucine",0.0060177723,1,1,2,1,1,"KIRC.Tumor.less;KIRC.Normal.less"
"valylleucine",0.0178444523,1,1,2,1,1,"KIRC.Tumor.less;KIRC.Normal.less"
"valyllysine",0.0195777791,1,1,2,1,1,"KIRC.Tumor.less;KIRC.Normal.less"
"valyltryptophan",0.0200878542,1,1,2,1,1,"KIRC.Tumor.less;KIRC.Normal.less"
"valyltyrosine",0.0194192355,1,1,2,1,1,"KIRC.Tumor.less;KIRC.Normal.less"
"xylose",0.0089437775,1,1,2,1,1,"KIRC.Tumor.less;KIRC.Normal.less"
"2-ethylhexanoate",0.0119980422,0.0229198416,1,1,1,0,"KIRC.Tumor.greater"
"methionine",0.0356968744,0.0243558108,0.9159467283,1,1,0,"KIRC.Tumor.less"
"gamma-glutamylphenylalanine",0.0356968744,0.0243558108,1,1,1,0,"KIRC.Tumor.greater"
"cystine",0.1060428249,0.031834023,0.9436439465,1,1,0,"KIRC.Tumor.greater"
"gamma-glutamylleucine",0.0961505661,0.0352835835,1,1,1,0,"KIRC.Tumor.greater"
"propionylcarnitine",0.0543313714,0.0358447894,1,1,1,0,"KIRC.Tumor.less"
"gamma-glutamylvaline",0.0437337003,0.0358447894,1,1,1,0,"KIRC.Tumor.greater"
"glycylvaline",0.0129822224,0.0358447894,1,1,1,0,"KIRC.Tumor.less"
"aspartate-glutamate",0.0661447943,0.0391234134,1,1,1,0,"KIRC.Tumor.less"
"isoleucylglutamate",0.0165998167,0.0407499041,1,1,1,0,"KIRC.Tumor.less"
"benzoate",0.0383566318,0.0407499041,1,1,1,0,"KIRC.Tumor.greater"
"asparagine",0.0543313714,0.0462621123,0.6148121991,1,1,0,"KIRC.Tumor.less"
"proline",0.1425928968,0.0473411464,0.6322449322,1,1,0,"KIRC.Tumor.less"
"myristoleate (14:1n5)",0.0562470155,0.0487580134,0.5941706347,1,1,0,"KIRC.Tumor.greater"
"n2-methylguanosine",0.0589957712,0.0487580134,1,1,1,0,"KIRC.Tumor.less"
"glutathione, oxidized (gssg)",0.108628329,0.0653714339,1,1,1,0,"KIRC.Tumor.less"
"valine",0.1366577669,0.0691106138,1,1,1,0,"KIRC.Tumor.less"
"valerylcarnitine",0.1759820167,0.0691106138,0.7473854881,1,1,0,"KIRC.Tumor.less"
"2'-deoxyinosine",0.0543313714,0.0691106138,1,1,1,0,"KIRC.Tumor.less"
"15-methylpalmitate (isobar with 2-methylpalmitate)",0.0653151593,0.0691106138,1,1,1,0,"KIRC.Tumor.greater"
"ophthalmate",0.1154004003,0.0691106138,1,1,1,0,"KIRC.Tumor.less"
"dodecanedioate",0.0986768212,0.0693995809,1,1,1,0,"OV.Tumor.greater"
"glucose 1-phosphate",0.1388572215,0.0701924345,1,1,1,0,"KIRC.Tumor.greater"
"myristate (14:0)",0.0625461414,0.0737719191,0.3805838228,1,1,0,"KIRC.Tumor.greater"
"gamma-tocopherol",0.0400693551,0.0748286362,0.2312060011,1,1,0,"KIRC.Tumor.greater"
"mannose-6-phosphate",0.1472188619,0.0797876641,0.9975500898,1,1,0,"KIRC.Tumor.less"
"xylitol",0.0938547721,0.0801241139,1,1,1,0,"KIRC.Tumor.less"
"behenate (22:0)",0.1626072144,0.0831004087,1,1,1,0,"BRCA.Tumor.less"
"caprylate (8:0)",0.1138287267,0.0834403353,1,1,1,0,"KIRC.Tumor.greater"
"alanylalanine",0.2290343473,0.0870267875,1,1,1,0,"KIRC.Tumor.less"
"alanine",0.1171574483,0.0870267875,0.6655804152,1,1,0,"KIRC.Tumor.less"
"valylserine",0.0391486316,0.0892134677,1,1,1,0,"KIRC.Tumor.less"
"phosphoethanolamine",0.0765523445,0.0892134677,0.6237733904,1,1,0,"KIRC.Tumor.less"
"serine",0.1663727813,0.0959133594,0.9436439465,1,1,0,"KIRC.Tumor.less"
"ascorbate (vitamin c)",0.1044510941,0.0994879846,1,1,1,0,"KIRC.Tumor.less"
"hypoxanthine",0.2637955913,0.1012951063,0.9893429362,1,1,0,"KIRC.Tumor.less"
"glucose-6-phosphate (g6p)",0.1171574483,0.1012951063,0.7172913414,1,1,0,"KIRC.Tumor.less"
"n1-methylguanosine",0.106225788,0.1045821137,1,1,1,0,"KIRC.Tumor.less"
"glucose",0.1869523338,0.1052704298,0.3576463299,1,1,0,"KIRC.Tumor.less"
"thymine",0.1134761531,0.1052704298,1,1,1,0,"KIRC.Tumor.less"
"pseudouridine",0.1993601745,0.1082031674,1,1,1,0,"KIRC.Tumor.less"
"n-acetylmethionine",0.1044510941,0.1082031674,0.4755934095,1,1,0,"KIRC.Tumor.less"
"taurine",0.0486291666,0.1376053091,0.3258141245,1,1,0,"KIRC.Tumor.less"
"cortisone",0.2318199178,0.1376053091,1,1,1,0,"KIRC.Tumor.less"
"1-arachidonoylglycerophosphocholine*",0.0502799569,0.1376053091,1,1,0,1,"KIRC.Normal.greater"
"deoxycarnitine",0.1894477501,0.1395457057,0.7751296245,1,1,0,"KIRC.Tumor.less"
"isoleucylserine",0.1106366633,0.1455982544,1,1,1,0,"KIRC.Tumor.less"
"butyrylcarnitine",0.1554590408,0.1489375837,0.5082824311,1,1,0,"KIRC.Tumor.less"
"n-acetyl-aspartyl-glutamate (naag)",0.1045318078,0.1535438268,0.0329221221,1,0,1,"KIRC.Normal.greater"
"glucuronate",0.1729242027,0.1543093419,0.7473854881,1,1,0,"KIRC.Tumor.less"
"2-oleoylglycerol (2-monoolein)",0.4094705134,0.2100719423,1,1,1,0,"KIRC.Tumor.less"
"hexanoylcarnitine",0.1472188619,0.2194576776,0.407512381,1,1,0,"KIRC.Tumor.less"
"isobar: fructose 1,6-diphosphate, glucose 1,6-diphosphate, myo-inositol 1,4 or 1,3-diphosphate",0.177020921,0.2226249428,1,1,1,0,"KIRC.Tumor.greater"
"2-linoleoylglycerophosphoethanolamine*",0.7424535981,0.2357016041,0.1025689157,1,0,1,"KIRC.Normal.greater"
"glycerol 2-phosphate",0.3989348748,0.23806275,1,1,1,0,"OV.Tumor.less"
"glycocholate",0.4738460725,0.2681152234,1,1,1,0,"OV.Tumor.greater"
"2-hydroxypalmitate",0.1894477501,0.2684850617,0.8008746536,1,1,0,"KIRC.Tumor.less"
"phosphate",0.5736753139,0.2730600044,0.8074261373,1,1,0,"KIRC.Tumor.less"
"1-methylimidazoleacetate",0.431039523,0.2753422287,1,1,1,0,"KIRC.Tumor.greater"
"n-acetylornithine",0.4081122918,0.3143777108,1,1,1,0,"KIRC.Tumor.greater"
"sphinganine",0.564346926,0.3143777108,1,1,1,0,"BRCA.Tumor.less"
"pro-hydroxy-pro",0.2223555521,0.3178187223,1,1,1,0,"KIRC.Tumor.less"
"cytidine-3'-monophosphate (3'-cmp)",0.2485269749,0.3222137072,1,1,1,0,"KIRC.Tumor.less"
"catechol sulfate",0.2853991882,0.3320111176,1,1,1,0,"BRCATang.Tumor.less"
"indolelactate",0.0325874853,0.3447456583,1,1,0,1,"KIRC.Normal.less"
"2-oleoylglycerophosphocholine*",0.5360943498,0.4002270497,0.0329221221,1,0,1,"KIRC.Normal.greater"
"phenol sulfate",0.4271441694,0.4228968362,0.528809253,1,1,0,"BRCATang.Tumor.greater"
"2-oleoylglycerophosphoethanolamine*",0.8098319284,0.4243341532,0.1780233366,1,0,1,"KIRC.Normal.greater"
"1-palmitoleoylglycerophosphocholine*",0.1746565827,0.4601057028,1,1,0,1,"KIRC.Normal.greater"
"pregnen-diol disulfate*",0.0383566318,0.4639680838,1,1,0,1,"KIRC.Normal.less"
"agmatine",0.706441057,0.4639680838,1,1,1,0,"KIRC.Tumor.less"
"methyl-alpha-glucopyranoside",0.5164539567,0.465941728,1,1,0,1,"KIRC.Normal.greater"
"dehydroisoandrosterone sulfate (dhea-s)",0.6046870638,0.4829332145,1,1,1,0,"BRCA.Tumor.greater"
"guanosine",0.9240586752,0.488780417,0.2762159854,1,1,0,"BRCA.Tumor.less"
"2-palmitoylglycerophosphocholine*",0.2853991882,0.4941279714,0.0203557292,1,0,1,"KIRC.Normal.greater"
"2-aminobutyrate",0.4157009367,0.4946280279,0.5970350278,1,1,0,"KIRC.Tumor.greater"
"1-linoleoylglycerophosphoethanolamine*",0.1525125829,0.5058255124,1,1,0,1,"KIRC.Normal.greater"
"eicosenoate (20:1n9 or 11)",0.2853991882,0.5058255124,0.2432736205,1,1,0,"KIRC.Tumor.greater"
"ergothioneine",0.919021871,0.5228615218,1,1,1,0,"OV.Tumor.less"
"adrenate (22:4n6)",1,0.5301783849,0.222396306,1,0,1,"KIRC.Normal.greater"
"urate",0.590079256,0.5301783849,0.0962985502,1,0,1,"KIRC.Normal.less"
"guanine",0.5115670579,0.5533678941,0.1025689157,1,0,1,"KIRC.Normal.greater"
"hippurate",0.7984355306,0.5596388037,0.5941706347,1,1,0,"BRCATang.Tumor.less"
"xylonate",0.0808742004,0.5596388037,1,1,0,1,"KIRC.Normal.less"
"dihomo-linolenate (20:3n3 or n6)",0.358248357,0.5671416133,0.0203557292,1,0,1,"KIRC.Normal.greater"
"n1-methyladenosine",0.0936122073,0.5672482582,0.1025689157,1,0,1,"KIRC.Normal.less"
"1-linoleoylglycerophosphocholine",0.2312332553,0.584674022,0.0203557292,1,0,1,"KIRC.Normal.greater"
"alpha-tocopherol",0.1764541489,0.5867196903,0.0875046603,1,0,1,"KIRC.Normal.greater"
"pyroglutamine*",0.5101688723,0.5928683115,0.7173416573,1,1,0,"KIRC.Tumor.less"
"flavin adenine dinucleotide (fad)",0.8912838057,0.6073865186,1,1,0,1,"KIRC.Normal.greater"
"quinolinate",0.0677404043,0.6180193395,1,1,0,1,"KIRC.Normal.less"
"1-stearoylglycerophosphocholine",0.1933127575,0.6272238007,0.0203557292,1,0,1,"KIRC.Normal.greater"
"arachidonate (20:4n6)",0.1719036708,0.6342575391,0.0203557292,1,0,1,"KIRC.Normal.greater"
"3-carboxy-4-methyl-5-propyl-2-furanpropanoate (cmpf)",0.516929422,0.6342575391,1,1,1,0,"KIRC.Tumor.greater"
"adenylosuccinate",0.0266127667,0.6407529887,1,1,0,1,"KIRC.Normal.greater"
"ornithine",0.9591414592,0.645055651,0.1963342791,1,0,1,"KIRC.Normal.less"
"1-stearoylglycerophosphoethanolamine",0.1759820167,0.6692442535,0.0203557292,1,0,1,"KIRC.Normal.greater"
"arabonate",0.0409725706,0.6729521572,1,1,0,1,"KIRC.Normal.less"
"cytidine 5'-monophosphate (5'-cmp)",0.4514161751,0.6924160207,1,1,0,1,"KIRC.Normal.less"
"1-linoleoylglycerol (1-monolinolein)",0.1921002293,0.7042362972,1,1,0,1,"KIRC.Normal.greater"
"arabitol",0.4943858412,0.7388371152,1,1,0,1,"KIRC.Normal.less"
"7-alpha-hydroxycholesterol",0.462397726,0.7404256623,1,1,0,1,"KIRC.Normal.greater"
"1-palmitoylglycerophosphocholine",0.1748485191,0.763602404,0.0203557292,1,0,1,"KIRC.Normal.greater"
"sarcosine (n-methylglycine)",0.319654655,0.7674573678,1,1,0,1,"KIRC.Normal.less"
"2-docosapentaenoylglycerophosphoethanolamine*",0.1910125761,0.7969415555,1,1,0,1,"KIRC.Normal.greater"
"glutamate",0.0501056532,0.8215610269,0.0203557292,1,0,1,"KIRC.Normal.greater"
"pyridoxate",0.2516672827,0.8267521737,1,1,0,1,"KIRC.Normal.less"
"scyllo-inositol",0.8547256675,0.8356080244,0.2111717357,1,0,1,"KIRC.Normal.greater"
"sphingosine",0.3614507043,0.8410070024,0.0797477563,1,0,1,"KIRC.Normal.greater"
"1-palmitoylplasmenylethanolamine*",0.0356968744,0.8410070024,1,1,0,1,"KIRC.Normal.greater"
"octanoylcarnitine",0.9186673001,0.8410070024,0.3395744361,1,0,1,"KIRC.Normal.less"
"palmitoyl sphingomyelin",0.0211470952,0.8410070024,1,1,0,1,"KIRC.Normal.greater"
"fumarate",0.3273598474,0.8410070024,0.0603620559,1,0,1,"KIRC.Normal.greater"
"eicosapentaenoate (epa; 20:5n3)",0.1235561585,0.8491974732,0.0219114918,1,0,1,"KIRC.Normal.greater"
"nicotinamide ribonucleotide (nmn)",0.0160415806,0.8551104008,1,1,0,1,"KIRC.Normal.greater"
"histamine",0.8919682097,0.8834713773,0.528809253,1,0,1,"KIRC.Normal.less"
"laurylcarnitine",0.3622501016,0.8949456237,0.1425888232,1,0,1,"BRCA.Normal.less"
"2-myristoylglycerophosphocholine*",0.5086434621,0.8949456237,1,1,0,1,"KIRC.Normal.greater"
"2-docosahexaenoylglycerophosphoethanolamine*",0.1960643069,0.9120290306,0.0203557292,1,0,1,"KIRC.Normal.greater"
"1-palmitoylglycerophosphoethanolamine",0.3106036318,0.9377088503,1,1,0,1,"KIRC.Normal.greater"
"dihomo-linoleate (20:2n6)",0.5086434621,0.9522566485,0.1025689157,1,0,1,"KIRC.Normal.greater"
"10-nonadecenoate (19:1n9)",0.2673375024,0.9587139258,0.0361950807,1,0,1,"KIRC.Normal.greater"
"beta-alanine",0.1484943649,0.9629988724,0.0203557292,1,0,1,"KIRC.Normal.less"
"spermine",0.719532288,0.9644831247,0.3415359943,1,0,1,"KIRC.Normal.less"
"7-beta-hydroxycholesterol",0.2635685778,0.97628638,0.1897675659,1,0,1,"KIRC.Normal.greater"
"phenylacetylglutamine",0.3273598474,1,0.1025689157,1,0,1,"KIRC.Normal.less"
"p-cresol sulfate",0.4530277948,1,0.1770686648,1,0,1,"KIRC.Normal.less"
"n2,n2-dimethylguanosine",0.4738460725,1,0.1536607381,1,0,1,"KIRC.Normal.less"
"cytidine",0.1154004003,1,0.0203557292,1,0,1,"KIRC.Normal.greater"
"1-arachidonoylglycerophosphoethanolamine*",0.710630899,1,0.1963342791,1,0,1,"KIRC.Normal.greater"
"2-palmitoylglycerophosphoethanolamine*",0.5711284737,1,1,1,0,1,"KIRC.Normal.greater"
"2-stearoylglycerophosphocholine*",0.0219097908,1,1,1,0,1,"KIRC.Normal.greater"
"3-indoxyl sulfate",0.2554759562,1,1,1,0,1,"KIRC.Normal.less"
"3-methylhistidine",0.5921887841,1,1,1,0,1,"KIRC.Normal.less"
"docosahexaenoate (dha; 22:6n3)",0.1626072144,1,0.0203557292,1,0,1,"KIRC.Normal.greater"
"glycolithocholate sulfate*",0.3050358501,1,1,1,0,1,"KIRC.Normal.less"
"kynurenine",0.3475111902,1,0.0715361779,1,0,1,"KIRC.Normal.less"
"oleoylcarnitine",0.7640515931,1,0.4099615925,1,0,1,"KIRC.Normal.greater"
"pentadecanoate (15:0)",0.5996322318,1,1,1,0,1,"KIRC.Normal.greater"
"16-hydroxypalmitate",0.0543313714,1,1,1,1,0,"KIRC.Tumor.greater"
"1-docosahexaenoylglycerophosphocholine*",0.025928581,1,1,1,0,1,"KIRC.Normal.greater"
"1-heptadecanoylglycerophosphoethanolamine*",0.1301291007,1,1,1,0,1,"KIRC.Normal.greater"
"1-methylnicotinamide",0.4004554433,1,1,1,1,0,"BRCA.Tumor.less"
"1-myristoylglycerophosphoethanolamine",1,1,1,1,0,1,"KIRC.Normal.greater"
"1-oleoylglycerophosphoinositol*",0.2708079356,1,1,1,0,1,"KIRC.Normal.greater"
"1-oleoylglycerophosphoserine",0.0138508109,1,1,1,0,1,"KIRC.Normal.greater"
"1-palmitoleoylglycerophosphoethanolamine*",1,1,1,1,0,1,"KIRC.Normal.greater"
"2-docosahexaenoylglycerophosphocholine*",0.0314592736,1,1,1,0,1,"KIRC.Normal.greater"
"2-oleoylglycerophosphoserine*",0.4004554433,1,1,1,1,0,"KIRC.Tumor.less"
"2-stearoylglycerophosphoethanolamine*",1,1,1,1,0,1,"KIRC.Normal.greater"
"3,4-dihydroxyphenethyleneglycol",1,1,1,1,0,1,"KIRC.Normal.greater"
"4-hydroxyhippurate",1,1,1,1,0,1,"KIRC.Normal.less"
"5-methyltetrahydrofolate (5methf)",0.0986768212,1,1,1,0,1,"KIRC.Normal.greater"
"alanyltryptophan",0.2485269749,1,1,1,0,1,"KIRC.Normal.less"
"alanyltyrosine",0.0195777791,1,1,1,0,1,"KIRC.Normal.less"
"alpha-glutamylglutamate",0.1626072144,1,1,1,1,0,"KIRC.Tumor.less"
"alpha-glutamyltryptophan",0.0448344116,1,1,1,1,0,"KIRC.Tumor.less"
"alpha-hydroxyisocaproate",0.4283440073,1,1,1,1,0,"OV.Tumor.greater"
"arginylvaline",0.0836226794,1,1,1,0,1,"KIRC.Normal.less"
"cholate",0.2816725742,1,1,1,1,0,"BRCATang.Tumor.less"
"cis-urocanate",1,1,1,1,1,0,"BRCATang.Tumor.less"
"cytosine-2',3'-cyclic monophosphate",0.0680879055,1,1,1,1,0,"KIRC.Tumor.less"
"erucate (22:1n9)",0.4828956445,1,1,1,1,0,"KIRC.Tumor.greater"
"gamma-glutamylcysteine",0.1099290963,1,1,1,1,0,"KIRC.Tumor.less"
"glutarylcarnitine (c5)",0.1861788931,1,1,1,0,1,"KIRC.Normal.less"
"glycyllysine",0.1894477501,1,1,1,0,1,"KIRC.Normal.less"
"glycylthreonine",0.0047636343,1,1,1,1,0,"KIRC.Tumor.less"
"gulono-1,4-lactone",0.1106366633,1,1,1,0,1,"KIRC.Normal.less"
"histidyltyrosine",1,1,1,1,1,0,"KIRC.Tumor.less"
"isoleucylarginine",0.0356968744,1,1,1,1,0,"KIRC.Tumor.less"
"isoleucylhistidine",0.0138842038,1,1,1,1,0,"KIRC.Tumor.less"
"isoleucylisoleucine",0.0407560372,1,1,1,1,0,"KIRC.Tumor.less"
"isoleucyltryptophan",0.0120219399,1,1,1,1,0,"KIRC.Tumor.less"
"isoleucylvaline",0.0057412525,1,1,1,1,0,"KIRC.Tumor.less"
"leucylarginine",0.0211470952,1,1,1,1,0,"KIRC.Tumor.less"
"leucylasparagine",0.0195594496,1,1,1,1,0,"KIRC.Tumor.less"
"leucylhistidine",0.2295169914,1,1,1,1,0,"KIRC.Tumor.less"
"leucylleucine",0.0194192355,1,1,1,1,0,"KIRC.Tumor.less"
"leucylmethionine",0.0946717296,1,1,1,1,0,"KIRC.Tumor.less"
"leucylphenylalanine",0.0535604916,1,1,1,1,0,"KIRC.Tumor.less"
"leucyltyrosine",0.1052058356,1,1,1,1,0,"KIRC.Tumor.less"
"lysylleucine",0.0167431066,1,1,1,1,0,"KIRC.Tumor.less"
"methionylglutamate",0.0457287635,1,1,1,1,0,"KIRC.Tumor.less"
"n1-methyl-2-pyridone-5-carboxamide",0.2635685778,1,1,1,0,1,"KIRC.Normal.less"
"n2-acetyllysine",0.1045318078,1,1,1,1,0,"KIRC.Tumor.greater"
"n-acetylphenylalanine",0.127421273,1,1,1,0,1,"KIRC.Normal.greater"
"nicotinamide riboside*",0.0409725706,1,1,1,0,1,"KIRC.Normal.greater"
"phenol red",0.2485355885,1,1,1,1,0,"BRCA.Tumor.less"
"phenylalanylarginine",1,1,1,1,0,1,"KIRC.Normal.less"
"phenylalanylleucine",0.0178444523,1,1,1,0,1,"KIRC.Normal.less"
"phenylalanylproline",0.0419439706,1,1,1,0,1,"KIRC.Normal.less"
"prolylglycine",0.1587786496,1,1,1,1,0,"KIRC.Tumor.less"
"prolylmethionine",0.051356517,1,1,1,1,0,"KIRC.Tumor.less"
"pyridoxal",0.3232472049,1,1,1,0,1,"KIRC.Normal.greater"
"sorbitol 6-phosphate",0.2726338117,1,1,1,0,1,"KIRC.Normal.greater"
"tartarate",0.1169081754,1,1,1,0,1,"KIRC.Normal.less"
"taurochenodeoxycholate",1,1,1,1,1,0,"OV.Tumor.greater"
"testosterone",0.0625307653,1,1,1,1,0,"KIRC.Tumor.greater"
"threonylvaline",1,1,1,1,1,0,"KIRC.Tumor.less"
"trans-urocanate",0.2478125455,1,1,1,0,1,"KIRC.Normal.less"
"tyrosylhistidine",0.0501056532,1,1,1,0,1,"KIRC.Normal.less"
"tyrosyltyrosine",0.0423029735,1,1,1,1,0,"KIRC.Tumor.less"
"udp-glucose (isobar with udp-galactose)",1,1,1,1,1,0,"BRCATang.Tumor.greater"
"valylalanine",0.0391486316,1,1,1,1,0,"KIRC.Tumor.less"
"valylaspartate",0.0538470512,1,1,1,1,0,"KIRC.Tumor.less"
"valylglutamate",0.0103075546,1,1,1,1,0,"KIRC.Tumor.less"
"valylglutamine",0.1838912329,1,1,1,1,0,"KIRC.Tumor.less"
"valylmethionine",0.0438549328,1,1,1,1,0,"KIRC.Tumor.less"
"vanillylmandelate (vma)",1,1,1,1,0,1,"KIRC.Normal.less"
"n-acetylglycine",0.1626072144,0.1325573767,1,0,0,0,""
"n-acetylglucosamine 6-phosphate",0.3828090769,0.1852952358,0.6567222294,0,0,0,""
"fructose-6-phosphate",0.2708079356,0.2073131902,1,0,0,0,""
"riboflavin (vitamin b2)",0.5996322318,0.2887925651,0.9436439465,0,0,0,""
"1,5-anhydroglucitol (1,5-ag)",0.4311977672,0.305055485,0.8701076602,0,0,0,""
"pyruvate",0.1044510941,0.3070509629,1,0,0,0,""
"mannitol",0.2921852147,0.3320111176,1,0,0,0,""
"histidine",0.4127800881,0.3320111176,0.7172913414,0,0,0,""
"glycerol",0.5869261425,0.363850386,1,0,0,0,""
"isobar: fructose 1,6-diphosphate, glucose 1,6-diphosphate",0.5770763236,0.4002270497,1,0,0,0,""
"beta-tocopherol",0.3577989928,0.4320623369,0.6549717305,0,0,0,""
"threitol",0.5086434621,0.4597845282,1,0,0,0,""
"creatine",0.5779282333,0.465941728,0.5970350278,0,0,0,""
"n6-acetyllysine",0.6798353088,0.465941728,1,0,0,0,""
"dimethylarginine (sdma + adma)",0.6624089075,0.480678863,0.6486950626,0,0,0,""
"n-formylmethionine",0.6798353088,0.4938494648,1,0,0,0,""
"stearoylcarnitine",1,0.4946280279,0.8008746536,0,0,0,""
"n-acetylserine",0.7206221605,0.5049479525,0.9436439465,0,0,0,""
"pregn steroid monosulfate*",0.762010323,0.5058255124,1,0,0,0,""
"malonylcarnitine",0.5896543746,0.5058255124,1,0,0,0,""
"cystathionine",0.4508218805,0.5058255124,1,0,0,0,""
"bilirubin (z,z)",0.8388205148,0.5191946139,1,0,0,0,""
"n-acetylalanine",0.5042048562,0.5228615218,1,0,0,0,""
"quebrachitol",0.6856963951,0.5282301919,1,0,0,0,""
"methylglutaroylcarnitine",1,0.5410971968,1,0,0,0,""
"6'-sialyllactose",0.4283440073,0.5455599292,1,0,0,0,""
"maltose",0.3383158555,0.5533678941,0.6571251134,0,0,0,""
"glycochenodeoxycholate",0.4434375225,0.5671416133,1,0,0,0,""
"glycerate",0.8919682097,0.5672482582,0.5279892776,0,0,0,""
"2-palmitoleoylglycerophosphoethanolamine*",0.9186673001,0.5771099245,1,0,0,0,""
"myo-inositol",0.9221586165,0.5784298332,0.4621403111,0,0,0,""
"glycine",0.5360943498,0.5867196903,0.7741593752,0,0,0,""
"phytosphingosine",0.8036671916,0.591069641,1,0,0,0,""
"1,3-dihydroxyacetone",0.5989255432,0.591069641,0.81851617,0,0,0,""
"stearoyl sphingomyelin",0.9006207625,0.6073865186,1,0,0,0,""
"2-arachidonoylglycerophosphoethanolamine*",0.8803198814,0.6073865186,1,0,0,0,""
"s-methylcysteine",0.8021452822,0.6120597208,1,0,0,0,""
"pipecolate",0.653186755,0.6171328085,1,0,0,0,""
"n-acetylisoleucine",0.5445722908,0.6224923862,0.6995604246,0,0,0,""
"triethyleneglycol",0.6428005999,0.6232643797,1,0,0,0,""
"arachidate (20:0)",0.7593113915,0.6295221048,1,0,0,0,""
"gluconate",0.5567922614,0.6308014672,1,0,0,0,""
"nicotinamide adenine dinucleotide reduced (nadh)",0.5875640811,0.6406299569,1,0,0,0,""
"phenyllactate (pla)",0.919021871,0.6692442535,1,0,0,0,""
"5-aminovalerate",0.7635821572,0.6692442535,1,0,0,0,""
"udp-glucuronate",0.6296996862,0.6692442535,1,0,0,0,""
"glutaroyl carnitine",0.8489009786,0.6692442535,1,0,0,0,""
"androsterone sulfate",1,0.6945669756,0.7172913414,0,0,0,""
"4-acetaminophen sulfate",0.6647418272,0.7042362972,1,0,0,0,""
"hypotaurine",0.4894914372,0.7250030888,1,0,0,0,""
"adenosine 3'-monophosphate (3'-amp)",1,0.7256347862,1,0,0,0,""
"docosatrienoate (22:3n3)",0.8098319284,0.7404256623,1,0,0,0,""
"betaine",0.706441057,0.7439908298,1,0,0,0,""
"glycerophosphoethanolamine",0.9186673001,0.7500441614,1,0,0,0,""
"maltotriose",0.7945877138,0.7674573678,0.1632769031,0,0,0,""
"p-acetamidophenylglucuronide",0.7326499629,0.7674573678,1,0,0,0,""
"phenylpyruvate",0.848052811,0.7674573678,1,0,0,0,""
"4-hydroxyphenylpyruvate",1,0.7831796078,1,0,0,0,""
"theobromine",0.9559213537,0.8105696332,1,0,0,0,""
"malate",1,0.8410070024,1,0,0,0,""
"3-hydroxybutyrate (bhba)",0.9436558104,0.8410070024,0.7473854881,0,0,0,""
"6-phosphogluconate",1,0.8410070024,1,0,0,0,""
"creatinine",0.5802344601,0.8410070024,0.528809253,0,0,0,""
"piperine",1,0.8410070024,1,0,0,0,""
"chiro-inositol",0.8327946802,0.8474520522,1,0,0,0,""
"ac-ser-asp-lys-pro-oh",0.8809631362,0.8491974732,1,0,0,0,""
"docosadienoate (22:2n6)",1,0.8491974732,1,0,0,0,""
"3-phosphoglycerate",1,0.8886109555,1,0,0,0,""
"gamma-glutamylglutamine",1,0.8949456237,0.8479927661,0,0,0,""
"choline phosphate",1,0.8949456237,1,0,0,0,""
"3-(cystein-s-yl)acetaminophen*",0.8808259626,0.8949456237,1,0,0,0,""
"gamma-glutamyltyrosine",1,0.8949456237,1,0,0,0,""
"dimethylglycine",1,0.8949456237,1,0,0,0,""
"4-guanidinobutanoate",0.6063970299,0.8949456237,1,0,0,0,""
"glutarate (pentanedioate)",1,0.8982372074,1,0,0,0,""
"gamma-aminobutyrate (gaba)",0.5689285228,0.9050887942,1,0,0,0,""
"n-ethylglycinexylidide*",1,0.9083810585,1,0,0,0,""
"palmitoleate (16:1n7)",1,0.9587139258,0.9436439465,0,0,0,""
"3-aminoisobutyrate",1,0.9587139258,1,0,0,0,""
"xylulose",1,0.9587139258,1,0,0,0,""
"1-octadecanol",1,0.9652553929,1,0,0,0,""
"4-hydroxyphenylacetate",0.6125752225,0.9652553929,1,0,0,0,""
"pyrophosphate (ppi)",0.9893784186,0.9681591236,0.6237733904,0,0,0,""
"lysine",1,0.9681591236,0.8116513299,0,0,0,""
"glycylglycine",0.6429510904,0.9681591236,1,0,0,0,""
"5-methyluridine (ribothymidine)",0.9042313445,0.9725312153,1,0,0,0,""
"beta-hydroxyisovalerate",1,0.97628638,1,0,0,0,""
"undecanedioate",1,0.9785272543,1,0,0,0,""
"heptanoate (7:0)",1,0.9851703378,1,0,0,0,""
"argininosuccinate",1,0.9851703378,1,0,0,0,""
"2-hydroxystearate",1,0.9987808208,1,0,0,0,""
"tryptophan betaine",0.9591414592,1,0.9436439465,0,0,0,""
"2-linoleoylglycerol (2-monolinolein)",1,1,1,0,0,0,""
"maltopentaose",1,1,1,0,0,0,""
"myristoylcarnitine",0.7593113915,1,1,0,0,0,""
"palmitoylcarnitine",1,1,0.4845188774,0,0,0,""
"azelate (nonanedioate)",0.8912838057,1,1,0,0,0,""
"hydroxyisovaleroyl carnitine",1,1,1,0,0,0,""
"glutamate, gamma-methyl ester",0.6895886647,1,1,0,0,0,""
"10-heptadecenoate (17:1n7)",0.9225566307,1,0.3056063394,0,0,0,""
"2-phosphoglycerate",1,1,1,0,0,0,""
"3-methyl-2-oxovalerate",1,1,0.8116513299,0,0,0,""
"4-methyl-2-oxopentanoate",1,1,1,0,0,0,""
"alpha-ketoglutarate",1,1,1,0,0,0,""
"aspartate",1,1,0.9436439465,0,0,0,""
"docosapentaenoate (n6 dpa; 22:5n6)",0.8912838057,1,1,0,0,0,""
"maltohexaose",1,1,1,0,0,0,""
"nonadecanoate (19:0)",1,1,1,0,0,0,""
"phosphoenolpyruvate (pep)",1,1,1,0,0,0,""
"1,2-dipalmitoylglycerol",1,1,1,0,0,0,""
"1,7-dimethylurate",1,1,1,0,0,0,""
"13-methylmyristic acid",1,1,1,0,0,0,""
"1-arachidonoyl-gpi* (20:4)*",1,1,1,0,0,0,""
"1-arachidonylglycerol",0.9928209041,1,1,0,0,0,""
"1-eicosadienoylglycerophosphocholine*",1,1,1,0,0,0,""
"1-eicosatrienoylglycerophosphocholine*",1,1,1,0,0,0,""
"1-methyladenosine (1ma)",1,1,1,0,0,0,""
"1-palmitoleoyl-gpc* (16:1)*",1,1,1,0,0,0,""
"1-palmitoyl-gpi* (16:0)*",1,1,1,0,0,0,""
"1-stearoyl-gpi (18:0)",1,1,1,0,0,0,""
"2-arachidonoylglycerophosphoinositol*",1,1,1,0,0,0,""
"2-arachidonoyl-gpc* (20:4)*",1,1,1,0,0,0,""
"2-arachidonoyl-gpe* (20:4)*",1,1,1,0,0,0,""
"2'-deoxyadenosine 3'-monophosphate",0.1803252105,1,1,0,0,0,""
"2'-deoxycytidine 3'-monophosphate",1,1,1,0,0,0,""
"2'-deoxyuridine-5'-triphosphate (dutp)",1,1,1,0,0,0,""
"2-docosahexaenoyl-gpc* (22:6)*",1,1,1,0,0,0,""
"2-hydroxyacetaminophen sulfate*",1,1,1,0,0,0,""
"2-hydroxyhippurate (salicylurate)",1,1,1,0,0,0,""
"2-hydroxyisobutyrate",0.7326499629,1,1,0,0,0,""
"2-linoleoyl-gpc* (18:2)*",1,1,1,0,0,0,""
"2-methoxyacetaminophen sulfate*",1,1,1,0,0,0,""
"2-methylmalonyl carnitine",1,1,1,0,0,0,""
"2-myristoylglycerophosphoethanolamine*",1,1,1,0,0,0,""
"2-myristoyl-gpc* (14:0)*",1,1,1,0,0,0,""
"2-oleoylglycerophosphoinositol*",1,1,1,0,0,0,""
"2-oleoyl-gpc* (18:1)*",1,1,1,0,0,0,""
"2-oleoyl-gpe* (18:1)*",1,1,1,0,0,0,""
"2'-o-methylguanosine",1,1,1,0,0,0,""
"2-palmitoleoyl-gpc* (16:1)*",1,1,1,0,0,0,""
"2-palmitoleoyl-gpe* (16:1)*",1,1,1,0,0,0,""
"2-palmitoyl-gpc* (16:0)*",1,1,1,0,0,0,""
"2-palmitoyl-gpe* (16:0)*",1,1,1,0,0,0,""
"3-(n-acetyl-l-cystein-s-yl) acetaminophen*",1,1,1,0,0,0,""
"3,4-dihydroxyphenylethyleneglycol (dopeg)",1,1,1,0,0,0,""
"3'-dephosphocoenzyme a",1,1,1,0,0,0,""
"3-hydroxydecanoate",1,1,1,0,0,0,""
"3-hydroxyoctanoate",0.4338049539,1,1,0,0,0,""
"3-methyl-2-oxobutyrate",1,1,1,0,0,0,""
"3-methyl-2-oxopentanoate",1,1,1,0,0,0,""
"3-phosphoglycerate (isobar with 2-phosphoglycerate)",1,1,1,0,0,0,""
"3-phosphoserine",1,1,1,0,0,0,""
"4-acetamidobutanoate",1,1,1,0,0,0,""
"4-acetamidophenol",1,1,1,0,0,0,""
"4-androsten-3beta,17beta-diol disulfate 2*",1,1,1,0,0,0,""
"4-hydroxyglutamate",1,1,1,0,0,0,""
"4-nitrophenol",1,1,1,0,0,0,""
"4-octenedioate",1,1,1,0,0,0,""
"4-vinylphenol sulfate",1,1,1,0,0,0,""
"5alpha-pregnan-3beta,20alpha-diol disulfate",1,1,1,0,0,0,""
"5-dodecenoate (12:1n7)",0.9140482225,1,1,0,0,0,""
"5-hete",0.1171574483,1,1,0,0,0,""
"5-hydroxyindoleacetate",1,1,1,0,0,0,""
"5-hydroxyindoleacetate (5-hia)",1,1,1,0,0,0,""
"5-hydroxytryptophan",1,1,1,0,0,0,""
"5-sulfosalicylate",1,1,1,0,0,0,""
"6-keto prostaglandin f1alpha",1,1,1,0,0,0,""
"acetyl coa",1,1,1,0,0,0,""
"acetylcarnitine (alc; c2 ac)",1,1,1,0,0,0,""
"acetylcholine",1,1,1,0,0,0,""
"acetylphosphate",1,1,1,0,0,0,""
"adenosine 3',5'-cyclic monophosphate (camp)",1,1,1,0,0,0,""
"adenosine 5'-diphosphate (adp)",1,1,1,0,0,0,""
"adenosine 5'diphosphoribose",1,1,1,0,0,0,""
"adipate",0.4384452187,1,1,0,0,0,""
"adsgegdfxaegggvr*",1,1,1,0,0,0,""
"aica ribonucleotide",1,1,1,0,0,0,""
"andro steroid monosulfate 1*",1,1,1,0,0,0,""
"andro steroid monosulfate 2*",1,1,1,0,0,0,""
"anserine",0.8036671916,1,1,0,0,0,""
"arabinose",1,1,1,0,0,0,""
"arginylmethionine",1,1,1,0,0,0,""
"arginylphenylalanine",1,1,1,0,0,0,""
"atenolol",1,1,1,0,0,0,""
"atp",1,1,1,0,0,0,""
"b-aminoisobutyrate",1,1,1,0,0,0,""
"beta-hydroxypyruvate",1,1,1,0,0,0,""
"betaine aldehyde",1,1,1,0,0,0,""
"b-hydroxybutyrate (bhba)",1,1,1,0,0,0,""
"bicine",1,1,1,0,0,0,""
"bilirubin (e,e)*",1,1,1,0,0,0,""
"biliverdin",0.7967480994,1,1,0,0,0,""
"biotin",1,1,1,0,0,0,""
"bradykinin",1,1,1,0,0,0,""
"bradykinin hydroxyproline",1,1,1,0,0,0,""
"cadaverine",1,1,1,0,0,0,""
"caffeine",1,1,1,0,0,0,""
"carbamazepine 10,11-epoxide*",1,1,1,0,0,0,""
"carbamazepine*",1,1,1,0,0,0,""
"carnosine",1,1,1,0,0,0,""
"cdp-choline",1,1,1,0,0,0,""
"celecoxib",1,1,1,0,0,0,""
"ciliatine (2-aminoethylphosphonate)",1,1,1,0,0,0,""
"cinnamoylglycine",1,1,1,0,0,0,""
"citalopram",1,1,1,0,0,0,""
"citramalate",0.2743011854,1,1,0,0,0,""
"codeine",1,1,1,0,0,0,""
"coenzyme a",1,1,1,0,0,0,""
"conjugated linoleate (18:2n7; 9z,11e)",1,1,1,0,0,0,""
"cortisol",1,1,1,0,0,0,""
"cysteine sulfinic acid",0.919021871,1,1,0,0,0,""
"cysteinylglycine",0.5689285228,1,1,0,0,0,""
"cytidine-5'-diphosphoethanolamine",1,1,1,0,0,0,""
"dehydroascorbate",1,1,1,0,0,0,""
"dehydroepiandrosterone sulfate (dhea-s)",1,1,1,0,0,0,""
"delta-tocopherol",1,1,1,0,0,0,""
"deoxycholate",1,1,1,0,0,0,""
"deoxyuridine",1,1,1,0,0,0,""
"desmethylnaproxen sulfate*",1,1,1,0,0,0,""
"dihydroxyacetone phosphate (dhap)",1,1,1,0,0,0,""
"dihydroxyacetonephosphate (dhap)",1,1,1,0,0,0,""
"dimethylallyl pyrophosphate (dmapp)",1,1,1,0,0,0,""
"dimethylbenzimidazole",1,1,1,0,0,0,""
"docosapentaenoate (dpa; 22:5n3)",1,1,1,0,0,0,""
"epiandrosterone sulfate",1,1,1,0,0,0,""
"ethylmalonate",1,1,1,0,0,0,""
"fluoxitine",1,1,1,0,0,0,""
"fructose 1-phosphate",0.843122571,1,1,0,0,0,""
"gabapentin",1,1,1,0,0,0,""
"galactitol (dulcitol)",0.541485366,1,1,0,0,0,""
"galactosylsphingosine",1,1,1,0,0,0,""
"gamma-glutamylalanine",1,1,1,0,0,0,""
"gamma-glutamylmethionine",1,1,1,0,0,0,""
"gamma-glutamylmethionine*",1,1,1,0,0,0,""
"glycocholenate sulfate*",1,1,1,0,0,0,""
"glycodeoxycholate",1,1,1,0,0,0,""
"gmp",1,1,1,0,0,0,""
"guanidinoacetate",0.5286502079,1,1,0,0,0,""
"heptaethylene glycol",1,1,1,0,0,0,""
"hexaethylene glycol",1,1,1,0,0,0,""
"histidinol",1,1,1,0,0,0,""
"homocarnosine",1,1,1,0,0,0,""
"homoserine lactone",1,1,1,0,0,0,""
"homostachydrine*",0.4077316443,1,1,0,0,0,""
"hydrochlorothiazide",1,1,1,0,0,0,""
"hydroxyisovaleroylcarnitine (c5)",1,1,1,0,0,0,""
"hydroxyphenylpyruvate",1,1,1,0,0,0,""
"imidazole propionate",0.635598897,1,1,0,0,0,""
"indoleacetate",0.8489009786,1,1,0,0,0,""
"indoxylsulfate",1,1,1,0,0,0,""
"inosine 5'-monophosphate (imp)",1,1,1,0,0,0,""
"inositol-1-phosphate (i1p)",1,1,1,0,0,0,""
"isobar 1 includes mannose, fructose, glucose, galactose",1,1,1,0,0,0,""
"isobar 17 includes arginine, n-alpha-acetyl-ornithine",1,1,1,0,0,0,""
"isobar 18 includes d-fructose 1-phosphate, beta-d-fructose 6-phosphate",1,1,1,0,0,0,""
"isobar 19 includes d-saccharic acid,1,5-anhydro-d-glucitol",1,1,1,0,0,0,""
"isobar 2 includes 2-aminoisobutyric acid,3-amino-isobutyrate",1,1,1,0,0,0,""
"isobar 21 includes gamma-aminobutyryl-l-histidine, l-anserine",1,1,1,0,0,0,""
"isobar 22 includes glutamic acid, o-acetyl-l-serine",1,1,1,0,0,0,""
"isobar 24 includes l-arabitol, adonitol",1,1,1,0,0,0,""
"isobar 28 includes l-threonine, l-allothreonine, l-homoserine",1,1,1,0,0,0,""
"isobar 29 includes r,s-hydroorotic acid, 5,6-dihydroorotic acid",1,1,1,0,0,0,""
"isobar 3 includes inositol 1-phosphate, mannose 6-phosphate",1,1,1,0,0,0,""
"isobar 30 includes maltotetraose, stachyose",1,1,1,0,0,0,""
"isobar 31 includes 1-kestose,maltotriose, melezitose",1,1,1,0,0,0,""
"isobar 32 includes n-acetyl-d-glucosamine, n-acetyl-d-mannosamin",1,1,1,0,0,0,""
"isobar 4 includes gluconic acid, dl-arabinose, d-ribose, l-xylose",1,1,1,0,0,0,""
"isobar 40 includes maltotetraose, stachyose",1,1,1,0,0,0,""
"isobar 6 includes valine, betaine",1,1,1,0,0,0,""
"isobar: 2-propylpentanoic acid, 2-ethylhexanoic acid",1,1,1,0,0,0,""
"isobar: udp-acetylglucosamine, udp-acetylgalactosamine",1,1,1,0,0,0,""
"isobutyrylcarnitine (c4)",1,1,1,0,0,0,""
"isocitrate",1,1,1,0,0,0,""
"isoleucylglutamine",1,1,1,0,0,0,""
"kynurenate",1,1,1,0,0,0,""
"lathosterol",1,1,1,0,0,0,""
"levulinate (4-oxovalerate)",1,1,1,0,0,0,""
"lignocerate (24:0)",0.8744736164,1,1,0,0,0,""
"l-urobilin",1,1,1,0,0,0,""
"lysyllysine",0.5802344601,1,1,0,0,0,""
"malonate (propanedioate)",0.9240586752,1,1,0,0,0,""
"mead acid (20:3n9)",1,1,1,0,0,0,""
"metformin",1,1,1,0,0,0,""
"methionine sulfoxide",0.7163693633,1,1,0,0,0,""
"methionylphenylalanine",0.6664368846,1,1,0,0,0,""
"methionylthreonine",1,1,1,0,0,0,""
"methionylvaline",1,1,1,0,0,0,""
"methyl palmitate (15 or 2)",1,1,1,0,0,0,""
"methyl-4-hydroxybenzoate",1,1,1,0,0,0,""
"methylglutarate",1,1,1,0,0,0,""
"metoprolol",1,1,1,0,0,0,""
"metoprolol acid metabolite*",1,1,1,0,0,0,""
"n-6-trimethyllysine",0.3516101834,1,1,0,0,0,""
"n-acetylarginine",0.9436748519,1,1,0,0,0,""
"n-acetylasparagine",0.8149711723,1,1,0,0,0,""
"n-acetylgalactosamine",1,1,1,0,0,0,""
"n-acetylglucosaminylamine",1,1,1,0,0,0,""
"n-acetylglutamate",0.9398958261,1,1,0,0,0,""
"n-acetylglutamine",0.5807345814,1,1,0,0,0,""
"n-acetylhistidine",1,1,1,0,0,0,""
"n-acetylleucine",0.5921887841,1,1,0,0,0,""
"n-acetylmannosamine",1,1,1,0,0,0,""
"n-acetylputrescine",0.483181035,1,1,0,0,0,""
"n-acetyltryptophan",1,1,1,0,0,0,""
"n-acetyltyrosine",0.4963729917,1,1,0,0,0,""
"n-acetylvaline",0.4532372296,1,1,0,0,0,""
"naproxen",1,1,1,0,0,0,""
"n-carbamoylaspartate",1,1,1,0,0,0,""
"nervonate (24:1n9)",0.6063970299,1,1,0,0,0,""
"nicotinate",0.5653640895,1,1,0,0,0,""
"n-methylglutamate",0.6904462604,1,1,0,0,0,""
"o-cresol sulfate",1,1,1,0,0,0,""
"octadecanoic acid",1,1,1,0,0,0,""
"ofloxacin",1,1,1,0,0,0,""
"orotate",1,1,1,0,0,0,""
"orotidine-5'-phosphate",1,1,1,0,0,0,""
"orthophosphate (pi)",1,1,1,0,0,0,""
"oxalate (ethanedioate)",1,1,1,0,0,0,""
"oxamate",1,1,1,0,0,0,""
"oxoproline",1,1,1,0,0,0,""
"palmitoyl ethanolamide",1,1,1,0,0,0,""
"palmitoylcarnitine (c16)",1,1,1,0,0,0,""
"paraxanthine",1,1,1,0,0,0,""
"paroxetine",1,1,1,0,0,0,""
"penicillin g",1,1,1,0,0,0,""
"pentaethylene glycol",1,1,1,0,0,0,""
"phenylacetate",1,1,1,0,0,0,""
"phenylacetylglycine",0.8658963398,1,1,0,0,0,""
"phosphoserine",1,1,1,0,0,0,""
"p-hydroxyphenyllactate (hpla)",1,1,1,0,0,0,""
"picolinate",1,1,1,0,0,0,""
"pivaloylcarnitine",1,1,1,0,0,0,""
"pregnanediol-3-glucuronide",1,1,1,0,0,0,""
"prostaglandin a2",1,1,1,0,0,0,""
"prostaglandin e2",1,1,1,0,0,0,""
"pseudoephedrine",1,1,1,0,0,0,""
"pyridoxamine",1,1,1,0,0,0,""
"pyridoxine (vitamin b6)",1,1,1,0,0,0,""
"pyroglutamylvaline",1,1,1,0,0,0,""
"quinidine",1,1,1,0,0,0,""
"ranitidine",1,1,1,0,0,0,""
"ribose 5-phosphate",1,1,1,0,0,0,""
"saccharin",1,1,1,0,0,0,""
"saccharopine",1,1,1,0,0,0,""
"salicylate",1,1,1,0,0,0,""
"sebacate (decanedioate)",1,1,1,0,0,0,""
"serotonin (5ht)",1,1,1,0,0,0,""
"s-lactoylglutathione",1,1,1,0,0,0,""
"s-methylglutathione",1,1,1,0,0,0,""
"streptomycin",1,1,1,0,0,0,""
"suberate (octanedioate)",1,1,1,0,0,0,""
"succinylcarnitine (c4)",1,1,1,0,0,0,""
"sucrose",1,1,1,0,0,0,""
"sucrose/maltose",1,1,1,0,0,0,""
"taurocholate",1,1,1,0,0,0,""
"taurolithocholate 3-sulfate",1,1,1,0,0,0,""
"tetraethylene glycol",1,1,1,0,0,0,""
"thromboxane b2",0.6072262329,1,1,0,0,0,""
"thymidine",1,1,1,0,0,0,""
"thymidine 5'-monophosphate",1,1,1,0,0,0,""
"thymol sulfate",1,1,1,0,0,0,""
"thyroxine",1,1,1,0,0,0,""
"tiglyl carnitine",1,1,1,0,0,0,""
"topiramate",1,1,1,0,0,0,""
"tricosanoate (23:0)",1,1,1,0,0,0,""
"triethanolamine",1,1,1,0,0,0,""
"trigonelline (n'-methylnicotinate)",0.1721526996,1,1,0,0,0,""
"trizma acetate",0.843122571,1,1,0,0,0,""
"tyrosyllysine",1,1,1,0,0,0,""
"tyrosylphenylalanine",0.5908690347,1,1,0,0,0,""
"udp",1,1,1,0,0,0,""
"udp-n-acetyl-glucosamine",1,1,1,0,0,0,""
"udp-n-acetylmuraminate (udp-murnac)",1,1,1,0,0,0,""
"ump",1,1,1,0,0,0,""
"undecanoate (11:0)",0.8327946802,1,1,0,0,0,""
"uridine 5'-triphosphate (utp)",1,1,1,0,0,0,""
"ursodeoxycholate",1,1,1,0,0,0,""
"valerate",1,1,1,0,0,0,""
"valylarginine",0.382165431,1,1,0,0,0,""
"venlafaxine",1,1,1,0,0,0,""
